country,pop,whpw,isr10,iu,munemployment,popdens,vac,adi,wbdhe,arppc,albsoap,albwsoap,cm,c02,demox,funemployment,gdp,povrate,lex
Afghanistan,0.025837661300522567,0.3764044943820224,0.46113537117903924,0.13375130616509928,0.10088261253309795,0.0021318096708449925,0.17213114754098363,0.025623087013554882,0.7352775336735672,0.024026546813962282,0.4457174031642117,0.5467289719626169,0.5122569737954353,0.00822133257077495,0.21501706484641636,0.1629249865083648,0.0079827082258738,0.8568507157464212,0.3333333333333335
Albania,0.0020276210551460534,0.4719101123595504,0.1353711790393013,0.6415882967607107,0.4616063548102383,0.0040616502011682955,0.13934426229508198,0.09138609532138173,0.2849428250667109,0.027596925274079052,0.9890889252591379,0.9127725856697821,0.060185967878275584,0.0734915641978839,0.5574516496018201,0.29303831624392873,0.06319848696976396,0.18813905930470348,0.7964601769911508
Algeria,0.02992219940827719,0.3325842696629211,0.2427947598253274,0.47021943573667707,0.3003530450132393,0.0006160644769878236,0.3032786885245902,0.07066025360734587,0.2681508975258416,0.0031083294829251902,0.8505182760501908,0.9065420560747663,0.18427726120033813,0.13104089219330853,0.2753128555176337,0.20523475445223957,0.055338589639672836,0.3067484662576687,0.7256637168141595
Angola,0.022034815476061367,0.34719101123595486,0.8733624454148473,0.2612330198537095,0.10617828773168579,0.0009012433407805385,0.17704918032786887,0.03349365981635331,0.04128042745702344,0.0034863695551728482,0.46644844517184947,0.32398753894081,0.6382079459002536,0.03917643694595368,0.2889647326507395,0.16805180787911492,0.031660648932773316,0.7903885480572598,0.38938053097345127
Antigua and Barbuda,5.640887972950781e-05,0.4640449438202241,0.30655021834061136,0.7899686520376176,0.21959399823477496,0.008007275576930513,0.2573770491803279,0.17533887188456493,0.17625572849058324,0.043138572688705,0.9716312056737588,0.9750778816199379,0.04006762468300931,0.20932227623677435,0.7506257110352673,0.16454398273070694,0.10790165303465724,0.1063394683026585,0.7315634218289087
Argentina,0.03147150696639102,0.20224719101123556,0.45851528384279494,0.7701149425287357,0.24227714033539277,0.0005457464009841405,0.09836065573770493,0.1814604285089637,0.501332587235573,0.0027386903011719244,0.6525913802509546,0.6903426791277258,0.06965342349957736,0.14033457249070633,0.6757679180887372,0.22396114409066378,0.10937538378404932,0.11349693251533742,0.7404129793510328
Armenia,0.0020417056693107245,0.32584269662921317,0.4192139737991266,0.6708463949843261,0.7263901147396293,0.0039053878100489994,1.0,0.06243987756886752,0.4845215078591888,0.012433317931700761,0.9312602291325696,0.9984423676012462,0.09044801352493662,0.08814698312839576,0.422070534698521,0.5385860766324878,0.06270724338663326,0.4846625766871166,0.7138643067846608
Australia,0.017668585085013323,0.05617977528089879,0.28820960698689946,0.8986415882967608,0.1451897616946161,4.84413412469817e-05,0.27049180327868855,0.5505028421512899,0.48749104516857555,0.006710211282395934,1.0,1.0,0.016821639898562977,0.5210180154418073,0.9112627986348123,0.10793308148947653,0.23955493331368358,0.01063394683026585,0.9292035398230092
Austria,0.006217793769135709,0.19101123595505598,0.18777292576419213,0.8725182863113898,0.18181818181818185,0.00410071579894812,0.9672131147540985,0.5531263664188895,0.5048284500254971,0.01285336245642038,1.0,1.0,0.015384615384615385,0.3673148412925365,0.820250284414107,0.09956826767404209,0.27050327905091737,0.006952965235173825,0.9056047197640118
Azerbaijan,0.007034701390686634,0.26404494382022436,0.27423580786026214,0.7920585161964473,0.12003530450132392,0.004647634167865655,0.6803278688524591,0.15085264538696982,0.11601023384118213,0.004240349477044566,0.9574468085106382,0.9205607476635516,0.16737109044801354,0.1231770088647412,0.17861205915813422,0.12007555315704263,0.06761967921794021,0.022085889570552148,0.5722713864306783
Bahamas,0.00026915697668686495,0.5269662921348313,0.3065502183406116,0.8254963427377221,0.2161518093556929,0.002784205153768052,0.2573770491803279,0.2820288587669436,0.27409518314488013,0.054395765951190826,0.9443535188216039,0.9828660436137073,0.07185122569737955,0.1671432656562768,0.7506257110352673,0.14409066378845115,0.1653771522609486,0.07955010224948876,0.6607669616519174
Bahrain,0.001048740370701411,0.35056179775280905,0.2532751091703057,0.9885057471264368,0.3381288614298324,0.07453598859597069,0.34918032786885245,0.42457367730651513,0.13317895729121026,0.019870626286386358,1.0,0.9984423676012462,0.0455621301775148,0.46025164426651416,0.18543799772468716,0.23475445223961144,0.2385724461474222,0.03057259713701432,0.7551622418879056
Bangladesh,0.1154862304586542,0.4067415730337074,0.590393013100437,0.22570532915360503,0.1451015004413063,0.049143350039085126,0.03278688524590164,0.026060341058154794,0.02500063681674737,0.006300667870794304,0.4915439170758319,0.9641744548286606,0.24091293322062554,0.02684443808979125,0.5108077360637088,0.1111171073934161,0.023014761869673078,0.843558282208589,0.6725663716814161
Barbados,0.00019028313736470673,0.4640449438202241,0.30655021834061136,0.7147335423197493,0.28199470432480145,0.025430532186731993,0.2573770491803279,0.12724092697857456,0.27209684816004387,0.06377956063342714,0.9705400981996726,0.9766355140186915,0.08875739644970415,0.15927938232770947,0.7922639362912398,0.20210469508904477,0.07597082013116203,0.32822085889570557,0.7404129793510328
Belarus,0.006668501422405185,0.17977528089887618,0.0786026200873362,0.7847439916405433,0.20917917034421893,0.0017450602528247356,0.6229508196721312,0.14473108876257107,0.2169476816678323,0.005040534296635443,0.9879978177850519,0.9750778816199379,0.014539306846999157,0.23148412925364598,0.23321956769055746,0.06637884511602805,0.09119937120821359,0.0278118609406953,0.666666666666667
Belgium,0.00802062438221361,0.24719101123595477,0.11353711790393006,0.8840125391849529,0.22594880847308035,0.014648427199500585,0.3852459016393443,0.4840402273721032,0.5353774146825908,0.01623892132566052,0.994544462629569,1.0,0.016483516483516484,0.6461252502144695,0.7622298065984072,0.124123043712898,0.2474148306437747,0.002044989775051125,0.8849557522123899
Belize,0.0002600019774798287,0.5269662921348313,0.3065502183406116,0.47857889237199575,0.2161518093556929,0.0005730923194300172,0.2573770491803279,0.05911674682990819,0.1701568537657992,0.02108623514092494,0.8712493180578287,0.9750778816199379,0.095519864750634,0.052759508149842725,0.7506257110352673,0.14409066378845115,0.0404047847124997,0.6881390593047035,0.6784660766961657
Benin,0.008724855090447167,0.3999999999999999,0.4541484716157206,0.1567398119122257,0.01985878199470432,0.004217912592287592,0.1475409836065574,0.02632269348491474,0.05905049082921439,0.012139286764397027,0.10529187124931806,0.4781931464174456,0.7717666948436179,0.022698026880183013,0.5301478953356086,0.02050728548300054,0.012796895340554615,0.8783231083844582,0.3716814159292037
Bhutan,0.0005276096466085798,0.4955056179775279,0.23668122270742364,0.6217345872518287,0.35551632833186236,0.0006941956725474715,0.2655737704918033,0.08701355487538259,0.08034002082528281,0.032217415045994874,0.7174031642116747,0.9813084112149533,0.2366863905325444,0.056691449814126396,0.48009101251422065,0.2316243928764166,0.052882371724019356,0.22188139059304704,0.6371681415929205
Bolivia,0.008091047453036966,0.3999999999999999,0.48034934497816606,0.42110762800417967,0.11120917917034422,0.00033479217297309124,0.1475409836065574,0.14910362920857018,0.28109339213409906,0.015688662998277817,0.585379159847245,0.8753894080996885,0.21217244294167373,0.07170431798684586,0.5255972696245733,0.08742579600647599,0.03947142190455137,0.2034764826175869,0.6017699115044248
Bosnia and Herzegovina,0.002379736409262831,0.50561797752809,0.31441048034934493,0.690700104493208,0.6822594880847308,0.002506839409531303,0.4836065573770493,0.22693484914735465,0.40986363224776123,0.024446591338681902,0.9498090561920349,0.9392523364485981,0.034742180896027056,0.2325564769802688,0.44368600682593856,0.5439827307069617,0.06811092280107091,0.043558282208588955,0.7522123893805315
Botswana,0.0016121249372882556,0.5752808988764047,0.24017467248908309,0.5642633228840126,0.4927625772285967,7.93031634930426e-05,0.3114754098360656,0.06996064713598601,0.2474142730058173,0.010228084176922754,0.7654118930714675,0.8644859813084111,0.294167371090448,0.17572204746925937,0.7656427758816836,0.2912034538586076,0.07154962788298577,0.6329243353783232,0.30678466076696176
Brazil,0.14506392020446354,0.292134831460674,1.0,0.6938349007314526,0.3384819064430716,0.0008856171016686088,0.04098360655737705,0.16921731526016617,0.4519557598381112,0.0028479018775990255,0.8745226404800872,0.9797507788161994,0.10650887573964499,0.0799256505576208,0.6700796359499431,0.29303831624392873,0.07007589713359369,0.2730061349693252,0.7168141592920354
Brunei,0.00030084735855737495,0.803370786516854,0.3065502183406116,0.9508881922675027,0.16504854368932043,0.002885775707995595,0.2573770491803279,0.5295146480104942,0.31155347294697316,0.054521779308606716,0.9410801963993451,0.9984423676012462,0.08368554522400677,0.7676579925650557,0.7922639362912398,0.17889908256880732,0.2911355095424066,0.004601226993865031,0.6725663716814161
Bulgaria,0.004936093880150638,0.4325842696629212,0.5676855895196508,0.6353187042842215,0.2122683142100618,0.002452147572639549,0.5655737704918034,0.21731526016615654,0.324455022548288,0.017107153358255977,0.8472449536279323,0.9875389408099688,0.045308537616229924,0.20288818987703744,0.6769055745164959,0.1111710739341608,0.10691916586839584,0.08548057259713701,0.6460176991150441
Burkina Faso,0.014358700756315611,0.44269662921348285,0.6855895196506548,0.04702194357366771,0.1654898499558694,0.002838896990659806,0.2377049180327869,0.02299956274595541,0.18563800223382454,0.014596547234006807,0.15220949263502453,0.21339563862928357,0.6314454775993238,0.009114955676293966,0.41751990898748575,0.09713977334052887,0.007933583867560729,0.8875255623721882,0.2920353982300885
Burundi,0.00837273973633039,0.3999999999999999,0.3755458515283844,0.0,0.19090909090909094,0.017773675021886502,0.05737704918032787,0.003585483165719284,0.3223025774626361,0.010396101986810603,0.4086197490452809,0.4003115264797509,0.4801352493660186,0.0008221332570774949,0.14220705346985213,0.16740420939017808,0.0014982929285486208,0.9856850715746422,0.35398230088495586
Cambodia,0.011471354852558034,0.2808988764044944,0.3781659388646289,0.4455590386624869,0.12444836716681375,0.0034326940769131304,0.04098360655737705,0.033756012243113254,0.2489789772506648,0.012496324610408704,0.6039279869067103,0.6012461059190033,0.2223161453930685,0.07563625965112954,0.285551763367463,0.09908256880733944,0.01859356962149682,0.7955010224948875,0.5398230088495577
Cameroon,0.017457315872543257,0.364044943820224,0.45152838427947584,0.26854754440961337,0.10917917034421891,0.0019989866383935914,0.1475409836065574,0.03874070835155226,0.1028526266000309,0.012265300121812914,0.36933987997817785,0.4937694704049844,0.628909551986475,0.013833285673434371,0.2502844141069397,0.08526713437668645,0.016235600422469482,0.7566462167689162,0.3303834808259589
Canada,0.026260199725462702,0.196629213483146,0.20960698689956325,0.9467084639498432,0.19549867608120036,8.086578740423556e-05,0.4426229508196722,0.560122431132488,0.5380019346555199,0.011998571848615953,0.9869067103109654,0.9875389408099688,0.027641589180050722,0.5102945381755791,0.9180887372013651,0.11980572045331894,0.2375899589811608,0.008486707566462168,0.9085545722713868
Cape Verde,0.0003536646616748916,0.4955056179775279,0.3065502183406116,0.5799373040752351,0.45278022947925867,0.004882027754544598,0.2573770491803279,0.0765194578049847,0.3202497978935156,0.0368379048179107,0.745771958537916,0.8130841121495327,0.15046491969568895,0.0406062339147841,0.7736063708759954,0.23502428494333513,0.03465723478987056,0.4846625766871166,0.6519174041297937
Central African Republic,0.003429040164530829,0.25617977528089897,0.2427947598253274,0.011494252873563218,0.2902912621359223,0.0002265804671229789,0.20491803278688525,0.00655881066899869,0.5434461750829518,0.029907170160036967,0.07037643207855974,0.052959501557632516,0.9661876584953508,0.0014655418930511867,0.05005688282138791,0.3082568807339449,0.0020583106133176135,0.9744376278118609,0.002949852507374784
Chad,0.011400931781734678,0.2808988764044944,0.44104803493449773,0.03134796238244514,0.039276257722859656,0.00042073648808870395,0.3524590163934426,0.01888937472671623,0.15947234539426192,0.013777460410803547,0.0409165302782324,0.2180685358255452,0.9915469146238377,0.0015012868172719473,0.060295790671217306,0.013221802482460875,0.005526490310220323,0.9069529652351739,0.25073746312684375
Chile,0.013302354693965278,0.28651685393258397,0.3205240174672489,0.8453500522466041,0.2572815533980583,0.0009012433407805385,0.3278688524590164,0.20594665500655882,0.4376812689860241,0.032432477842651325,1.0,1.0,0.04640743871513103,0.17464969974263653,0.7838452787258248,0.19158121964382083,0.1216564733623167,0.07873210633946831,0.8466076696165192
China,1.0,0.5213483146067417,0.4279475982532751,0.5768025078369907,0.1451015004413063,0.005702405307920901,0.1557377049180328,0.10275470048097946,0.1953210779332713,0.002288612592934851,0.8876159301691217,0.9174454828660437,0.05832628909551987,0.24077780955104372,0.254835039817975,0.11354560172692932,0.07204087146611647,0.28629856850715746,0.7669616519174043
Colombia,0.0344996990117953,0.5561797752808988,0.8777292576419217,0.6280041797283177,0.22771403353927627,0.0016239568997072815,0.049180327868852465,0.12111937035417578,0.3420990299797186,0.010018061914562943,0.9050736497545008,0.9485981308411215,0.10566356720202874,0.07742350586216756,0.6689419795221841,0.2660550458715596,0.06860216638420161,0.34662576687116564,0.8466076696165192
Comoros,0.0005360604151073825,0.4955056179775279,0.23668122270742364,0.534796238244514,0.35551632833186236,0.016132919915133895,0.10655737704918034,0.04372540445999126,0.17951039079682307,0.027176880749359433,0.3006001091107474,0.691588785046729,0.5562130177514794,0.008543036888761795,0.29920364050056886,0.2316243928764166,0.014025004298381355,0.6973415132924337,0.5044247787610621
"Congo, Dem. Rep.",0.06337315804937108,0.553932584269663,0.3860262008733625,0.08045977011494253,0.2187996469549868,0.0014716010683659682,0.18360655737704917,0.00620900743331876,0.08025040927581793,0.008253874910740538,0.09110747408619747,0.0,0.7303465765004227,0.0,0.046643913538111495,0.2559093362115488,0.0030211480362537764,0.9928425357873211,0.3923303834808263
"Congo, Rep.",0.003851578589470962,0.297752808988764,0.22882096069869007,0.9013584117032394,0.19947043248014126,0.0005496529607621229,0.18032786885245905,0.016440752076956715,0.0,0.008001848195908767,0.13038734315330058,0.5856697819314642,0.4091293322062553,0.021196740062911064,0.2536973833902162,0.1539125742039935,0.015646108122712648,0.8967280163599183,0.40117994100294996
Costa Rica,0.0034853786211895134,0.48314606741572996,0.7292576419213973,0.7262277951933125,0.23565754633715802,0.003713966380927862,0.0819672131147541,0.20944468736335814,0.32181973272885467,0.00661570126433402,0.9749045280960174,0.9968847352024923,0.05993237531699071,0.09029167858164139,0.7952218430034129,0.2539125742039935,0.09856802495517403,0.14928425357873212,0.8436578171091447
Cote d'Ivoire,0.019358738784773857,0.4449438202247191,0.4104803493449781,0.3500522466039707,0.09293909973521623,0.0032959644846837464,0.12295081967213116,0.035067774376913,0.07131572323391631,0.009745032973495191,0.27877795962902346,0.5716510903426792,0.6694843617920542,0.01994566771518444,0.3492605233219568,0.17506745817593095,0.022327020853290105,0.7873210633946831,0.3598820058997052
Croatia,0.002823401051219263,0.3595505617977528,0.1353711790393013,0.7450365726227796,0.2842012356575464,0.0027334198766542812,0.3606557377049181,0.22518583296895497,0.2898137682645856,0.022530768261435713,0.9574468085106382,0.8704049844236761,0.025105663567202032,0.20717758078352874,0.6245733788395904,0.21532649757150565,0.13639378085623757,0.031186094069529654,0.8023598820058995
Cuba,0.0078797782405669,0.4674157303370783,0.3170305676855897,0.6133751306165101,0.31632833186231246,0.004022584603388472,0.1639344262295082,0.09226060341058155,0.5447512293898938,0.01642374091653715,0.8930714675395526,0.9065420560747663,0.027726120033812345,0.08957678009722618,0.2184300341296928,0.3060982191041554,0.04433473337754526,0.4550102249488753,0.7935103244837758
Cyprus,0.0008867673078076932,0.3370786516853932,0.3318777292576419,0.84012539184953,0.2855251544571933,0.005311749330122662,0.49180327868852464,0.4333187581985134,0.294591872303717,0.02846641744024867,0.9934533551554827,0.9968847352024923,0.005748098055790362,0.22969688304260794,0.7406143344709898,0.21937398812736103,0.18699186991869918,0.0019427402862985687,0.8672566371681416
Czech Republic,0.007386816744803412,0.3820224719101124,0.08296943231441045,0.8014629049111809,0.04324801412180053,0.0052726837323428385,0.24590163934426232,0.31438565806733715,0.35944518521747226,0.02368505061536523,0.9901800327332242,0.9984423676012462,0.01411665257819104,0.3816128109808407,0.7519908987485779,0.05990286022665947,0.19386928008252893,0.002862985685071575,0.8230088495575223
Denmark,0.004069890109023365,0.12359550561797716,0.17030567685589515,0.9749216300940439,0.15842894969108562,0.0052726837323428385,0.19672131147540986,0.5338871884564933,0.48989687490321154,0.01916243121770908,0.995635570103655,1.0,0.021301775147928994,0.3090506148126966,0.9260523321956768,0.12115488397193738,0.2700120354677867,0.0027607361963190185,0.8761061946902653
Djibouti,0.0007459211661609821,0.3539325842696628,0.23668122270742364,0.5642633228840126,0.3157105030891439,0.0017255274539348237,0.26393442622950825,0.034630520332313085,0.026402109679621075,0.03746797160499013,0.6213857064920895,0.6246105919003118,0.48689771766694845,0.023162710895052903,0.2036405005688282,0.24910955207771182,0.020460295237393462,0.7740286298568508,0.45132743362831884
Dominican Republic,0.0075980859572734784,0.4101123595505616,0.6768558951965066,0.7398119122257053,0.08737864077669903,0.008632325141407696,0.00819672131147541,0.12724092697857456,0.13309289109494243,0.004133238123241063,0.8548827059465357,0.9376947040498442,0.22992392223161456,0.10423219902773805,0.621160409556314,0.19050188882892605,0.08383071746125316,0.22494887525562374,0.6342182890855459
Ecuador,0.011964316348321522,0.292134831460674,0.646288209606987,0.5590386624869385,0.0825242718446602,0.0026005968442028796,0.0737704918032787,0.12286838653257542,0.3540850329706887,0.007371781408829336,0.8810692853246044,0.9174454828660437,0.10566356720202874,0.09350872176150986,0.590443686006826,0.09740960604425256,0.052882371724019356,0.28732106339468305,0.7315634218289087
Egypt,0.07464084938110797,0.7471910112359548,0.5353711790393011,0.44827586206896547,0.20741394527802298,0.0040616502011682955,0.024590163934426233,0.042675994752951474,0.2046255185118619,0.006531692359390096,0.9661756683033278,0.9813084112149533,0.16483516483516486,0.08207034601086645,0.25938566552901027,0.42795466810577437,0.053864858890280747,0.7331288343558283,0.5693215339233042
El Salvador,0.004372709313563794,0.5561797752808988,0.4279475982532751,0.4158829676071055,0.13459841129744043,0.011640376170454141,0.06557377049180328,0.08963707914298208,0.3837484268114848,0.01096316209518209,0.8527004909983633,0.9595015576323989,0.1014370245139476,0.04954246496997426,0.5551763367463026,0.05828386400431733,0.04089602829563039,0.34253578732106343,0.7138643067846608
Equatorial Guinea,0.0011332480556894378,0.3505617977528086,0.2532751091703057,0.7015673981191222,0.33812886142983234,0.0021708752686248165,0.4229508196721312,0.14298207258417142,0.057014945642457834,0.0032679464023186457,0.8121112929623567,0.8682242990654205,0.7066779374471682,0.15463254217901057,0.0955631399317406,0.23475445223961144,0.08383071746125316,0.18711656441717794,0.4247787610619469
Eritrea,0.0022388902676161197,0.5370786516853929,0.2724890829694321,0.013584117032392894,0.3920564872021183,0.0009520286178943094,0.5196721311475411,0.01075644949715785,0.13315275536318572,0.007938841517200822,0.8590289143480634,0.8959501557632401,0.33981403212172445,0.006827280526165285,0.1467576791808874,0.2879114948731786,0.006312480043229435,0.9458077709611452,0.35398230088495586
Estonia,0.000921978843219371,0.3314606741573032,0.12227074235807855,0.8923719958202718,0.1624007060900265,0.0011082910090136051,0.46721311475409844,0.32575426322693485,0.286306747407204,0.02309656823623304,0.9901800327332242,1.0,0.008030431107354186,0.48169859879897053,0.7838452787258248,0.1270912034538586,0.17127207525851693,0.011554192229038855,0.7817109144542775
Eswatini,0.0008163442369843376,0.3539325842696628,0.23668122270742364,0.36990595611285265,0.3157105030891439,0.0025498115670891087,0.11475409836065574,0.03620463489287277,0.2823296966910741,0.02423656907632209,0.6028368794326241,0.5233644859813085,0.4454775993237532,0.037031741492708034,0.2218430034129693,0.24910955207771182,0.03780119372190701,0.7873210633946831,0.1887905604719764
Ethiopia,0.07957046433874286,0.5348314606741575,0.5353711790393011,0.12434691745036573,0.08976169461606354,0.0043351093856270635,0.00819672131147541,0.024223874070835164,0.08398007066900685,0.011614231108497502,0.0,0.15576323987538943,0.45224006762468305,0.005325993708893337,0.2582480091012514,0.11894225580140314,0.008031832584186868,0.9049079754601227,0.5014749262536875
Fiji,0.0006381738678012481,0.3539325842696628,0.23668122270742364,0.67816091954023,0.31835834068843777,0.0018817898450541196,0.33114754098360666,0.05832968954962834,0.13188107909927205,0.030117192422396775,0.9290780141843971,0.9267912772585669,0.202028740490279,0.0852873891907349,0.5426621160409556,0.25175391257420393,0.06319848696976396,0.47443762781186094,0.49852507374631294
Finland,0.0038797478178003043,0.20786516853932557,0.13100436681222716,0.8871473354231976,0.24227714033539277,0.0006316907160997531,0.13934426229508198,0.49103629208570176,0.42718425938961246,0.021111437812408117,0.9934533551554827,1.0,0.0,0.3708893337146125,0.9169510807736063,0.1516459794927145,0.23415125389924593,0.002147239263803681,0.8967551622418881
France,0.04611950569764897,0.2359550561797752,0.3100436681222708,0.8150470219435737,0.31818181818181823,0.004569502972306007,0.8032786885245903,0.5067774376912987,0.556073000067023,0.007499054899819382,0.9847244953627932,1.0,0.019780219780219783,0.23577352016013725,0.7645051194539249,0.21586616297895303,0.22039643357158648,0.0014314928425357876,0.9292035398230092
Gabon,0.0015487441735472355,0.5752808988764042,0.24017467248908309,0.5809822361546501,0.4927625772285967,0.0002562703214356451,0.21311475409836067,0.09138609532138173,0.0506101844615076,0.013504431469735793,0.44899072558647024,0.7757009345794392,0.36432797971259506,0.08957678009722618,0.28782707622298065,0.2912034538586076,0.06811092280107091,0.33946830265848676,0.4749262536873158
Gambia,0.001682548008111611,0.98876404494382,0.24017467248908309,0.25391849529780564,0.2969991173874669,0.009179243510325232,0.22950819672131148,0.030083078268473985,0.32262249936051196,0.022892426597219306,0.4217130387343153,0.7398753894080996,0.47928994082840237,0.0087217615098656,0.36746302616609783,0.20183486238532108,0.007638837717682313,0.8128834355828222,0.44247787610619493
Georgia,0.002661428692556253,0.303370786516854,0.34497816593886454,0.6133751306165101,0.6116504854368933,0.0020536784752853447,0.2950819672131148,0.05526891123742895,0.31131523644067677,0.03557777124375184,0.8537915984724495,0.9096573208722742,0.06855452240067626,0.1174578209894195,0.502844141069397,0.32811656772800857,0.06712843563480952,0.5501022494887525,0.6460176991150441
Germany,0.05872523537502962,0.1685393258426966,0.23144104803493437,0.8672936259143156,0.13636363636363638,0.00925737470588488,0.3524590163934426,0.5522518583296896,0.5723499572916038,0.004736422060738439,0.9912711402073104,1.0,0.01656804733727811,0.37803831855876463,0.8646188850967007,0.06314085267134376,0.2592046766389114,0.0035787321063394683,0.8790560471976403
Ghana,0.021541853980297877,0.34719101123595486,0.5205240174672489,0.40752351097178685,0.10617828773168579,0.005194552536783191,0.22950819672131148,0.03445561871447311,0.11402315595000952,0.009703028521023229,0.1685761047463175,0.7538940809968848,0.3905325443786982,0.024092078924792676,0.6313993174061433,0.16805180787911497,0.023113010586299217,0.778118609406953,0.4247787610619469
Greece,0.007527662886450123,0.48876404494382,0.23144104803493437,0.7126436781609197,0.6204766107678729,0.003124075854452521,0.13934426229508198,0.21993878443375603,0.3716533176065702,0.019938253454866217,0.9890889252591379,1.0,0.023245984784446328,0.1953817557906777,0.7064846416382252,0.6384241770102537,0.14081497310441382,0.037730061349693256,0.8731563421828912
Grenada,7.408507050617005e-05,0.4640449438202241,0.6157205240174674,0.599791013584117,0.21959399823477496,0.013203000081647098,0.2573770491803279,0.12199387844337561,0.16043091548680638,0.059940353677489816,0.81974904528096,0.8626168224299064,0.11411665257819104,0.08600228767515013,0.7506257110352673,0.16454398273070694,0.07351460221550857,0.14519427402862986,0.64306784660767
Guatemala,0.011823470206674812,0.2808988764044944,0.3781659388646287,0.39184952978056425,0.04368932038834951,0.006053995687939317,0.06557377049180328,0.0730214254481854,0.25138747854272175,0.007371781408829336,0.6497545008183306,0.8925233644859814,0.20710059171597633,0.04847011724335144,0.5142207053469852,0.03291958985429033,0.03947142190455137,0.532719836400818,0.6194690265486731
Guinea,0.008936124302917233,0.3999999999999999,0.1528384279475984,0.18599791013584116,0.19090909090909092,0.0019403882417238553,0.2950819672131148,0.0240489724529952,0.10994383469502599,0.01321040030243206,0.19694489907255863,0.47663551401869175,0.8393913778529164,0.015084358021160994,0.23435722411831628,0.16740420939017808,0.00999680691670965,0.8783231083844582,0.27138643067846635
Guinea-Bissau,0.0013445172681595045,0.5191011235955054,0.3493449781659389,0.12225705329153604,0.3552515445719329,0.0025927837246469154,0.4032786885245902,0.022387407083515526,0.32154678293835637,0.01917503255345067,0.16639388979814512,0.39563862928348914,0.6745562130177515,0.005611953102659422,0.1023890784982935,0.22347544522396112,0.006410728759855574,0.892638036809816,0.2625368731563422
Guyana,0.0005501450292720536,0.4955056179775279,0.23668122270742364,0.4921630094043887,0.41747572815533984,7.774053958184964e-05,0.2655737704918033,0.10887625710537822,0.17961428529378692,0.030117192422396775,0.8745226404800872,0.9158878504672896,0.24006762468300932,0.11066628538747497,0.6359499431171786,0.30383162439287636,0.0587772947215877,0.2995910020449898,0.4631268436578171
Haiti,0.007738932098920189,0.4674157303370783,0.3170305676855897,0.29780564263322884,0.31632833186231246,0.015468804752876887,0.13934426229508198,0.02142544818539572,0.1444699981894748,0.02188431973789222,0.29950900163666117,0.46884735202492234,0.5333896872358411,0.00879325135830712,0.4357224118316269,0.3060982191041554,0.013632009431876799,0.8599182004089979,0.3569321533923304
Honduras,0.006872728327792916,0.393258426966292,0.6855895196506548,0.3343782654127482,0.13459841129744043,0.0034170678378012006,0.024590163934426233,0.0730214254481854,0.3183752811438656,0.016696769857604904,0.7937806873977086,0.9096573208722742,0.13440405748098058,0.028131255361738633,0.5176336746302616,0.13599568267674042,0.025176233635448138,0.5204498977505113,0.6047197640117998
"Hong Kong, China",0.005252997698855739,0.3359550561797753,0.4681222707423581,0.9038662486938349,0.1001765225066196,0.2655667617393098,0.3098360655737705,0.5417577612592918,0.31590763421041285,0.018691981350023104,0.961811238406983,1.0,0.0032121724429416756,0.40305976551329714,0.5767918088737201,0.042903399892066915,0.2975216761231056,0.016768916155419224,1.0
Hungary,0.006872728327792916,0.3370786516853932,0.15720524017467252,0.7533960292580982,0.1142983230361871,0.004139781396727944,0.10655737704918034,0.2120682116309576,0.2796602971814314,0.016238501281135798,0.9781778505182759,1.0,0.02172442941673711,0.24327995424649698,0.6313993174061433,0.08742579600647599,0.15063984476702774,0.032924335378323115,0.7345132743362832
Iceland,0.00024098774835752275,0.4101123595505616,0.3065502183406116,0.9926854754440962,0.07413945278022949,5.820774069193768e-05,0.0737704918032787,0.5478793178836905,0.38716763806188725,0.07342378292098962,0.9869067103109654,1.0,0.002197802197802197,0.3851873034029168,0.9670079635949942,0.039935240151106305,0.2739419841328322,0.0007157464212678938,0.9616519174041298
India,0.9647884645883222,0.893258426966292,0.38427947598253265,0.16823406478578895,0.09885260370697263,0.01796900301078562,0.11475409836065574,0.02885876694359424,0.05747845936182287,0.002770193640525896,0.6366612111292962,0.8598130841121496,0.29501267962806427,0.062410637689448094,0.6996587030716722,0.07285483000539665,0.02930267973374598,0.8486707566462168,0.5634218289085546
Indonesia,0.19013468553141108,0.3370786516853932,0.388646288209607,0.37513061650992685,0.09532215357458076,0.005428946123462134,0.24590163934426232,0.04923480542195017,0.05793108139303073,0.003144033267526358,0.779596290234588,0.8598130841121496,0.1969568892645816,0.08064054904203602,0.6040955631399316,0.04883971937398812,0.053864858890280747,0.6574642126789366,0.5811209439528024
Iran,0.060626658287260216,0.6179775280898876,0.4148471615720525,0.6917450365726229,0.3967343336275375,0.001987266959059644,0.13934426229508198,0.1254919108001749,0.28981592068100265,0.002799596757256269,0.8876159301691217,0.956386292834891,0.10735418427726122,0.24613954818415784,0.1558589306029579,0.45763626551538034,0.07007589713359369,0.2443762781186094,0.7728613569321534
Iraq,0.028372891850163368,0.3651685393258428,0.2427947598253276,0.3124346917450366,0.3003530450132393,0.0035459843104746194,0.2377049180327869,0.09226060341058155,0.13332451685539537,0.014386524971646997,0.967266775777414,0.9517133956386294,0.2113271344040575,0.18930511867314842,0.33902161547212745,0.20523475445223963,0.04698744872645101,0.21881390593047034,0.6460176991150441
Ireland,0.0034219978574484933,0.24719101123595477,0.24017467248908309,0.8672936259143156,0.18534863195057372,0.0027060739582084044,0.319672131147541,0.45867949278530834,0.2746135155740757,0.039236359054059734,0.8832515002727768,0.9376947040498442,0.01656804733727811,0.3708893337146125,0.9180887372013651,0.1208850512682137,0.401665315746813,0.0011247443762781187,0.9026548672566372
Israel,0.005985397635418636,0.21348314606741559,0.3318777292576419,0.832810867293626,0.13371579876434248,0.015273476763977768,0.0737704918032787,0.3441189331001312,0.3184823924993738,0.01281975889444281,0.9989088925259137,1.0,0.01715976331360947,0.3451529882756649,0.7633674630261661,0.08580679978413383,0.1958342544150517,0.03609406952965235,0.9321533923303837
Italy,0.04245750601483449,0.26404494382022436,0.27510917030567683,0.7356321839080461,0.38128861429832306,0.007890078783591041,0.6721311475409836,0.40533449934411897,0.40508552820862986,0.007499054899819382,0.9989088925259137,0.9984423676012462,0.011242603550295858,0.266871604232199,0.7542662116040955,0.3092282784673502,0.20172917741262006,0.025357873210633947,0.9351032448377579
Jamaica,0.0019783249055697043,0.4123595505617974,0.3493449781659389,0.6708463949843261,0.18534863195057372,0.010077752259261183,0.48196721311475416,0.11937035417577613,0.24310711383235784,0.009871046330911078,0.8527004909983633,0.8582554517133958,0.10735418427726122,0.09207892479267943,0.6757679180887372,0.2544522396114408,0.0479699358927124,0.09069529652351738,0.7345132743362832
Japan,0.08942969425401263,0.3314606741573032,0.48034934497816606,0.885057471264368,0.08781994704324801,0.013085803288307626,0.3852459016393443,0.4446873633581111,0.5281217072162626,0.006179275003150335,0.9989088925259137,0.9844236760124612,0.0066779374471682175,0.36016585644838434,0.7861205915813424,0.053157042633567186,0.20172917741262006,0.015337423312883437,0.9852507374631267
Jordan,0.007386816744803412,0.808988764044944,0.28820960698689946,0.639498432601881,0.5366284201235657,0.0045304373745261835,0.0819672131147541,0.10537822474857893,0.3037270225060544,0.05300961901961608,0.9705400981996726,0.9828660436137073,0.12172442941673714,0.10494709751215327,0.32423208191126274,0.49001618996222335,0.04403998722766684,0.14110429447852763,0.7817109144542775
Kazakhstan,0.013302354693965278,0.33595505617977484,0.1659388646288208,0.7826541274817138,0.19920564872021185,0.00019454667694352324,0.3032786885245902,0.09400961958898121,0.05508940734225719,0.0032805477380602344,0.9770867430441899,0.928348909657321,0.06939983093829248,0.3487274806977409,0.21160409556313992,0.13297355639503508,0.12460393486110088,0.15030674846625766,0.5988200589970503
Kenya,0.03534477586167557,0.4617977528089887,0.38340611353711795,0.1619644723092999,0.2640776699029127,0.003299871044461729,0.10655737704918034,0.018627022299956275,0.13148136620861545,0.01281135800394842,0.2896890343698854,0.3800623052959502,0.3330515638207946,0.018372891049470975,0.4584755403868032,0.1922827846735024,0.01977255422101049,0.8946830265848671,0.4336283185840708
Kiribati,7.831045475557139e-05,0.4640449438202241,0.30655021834061136,0.30303030303030304,0.21959399823477496,0.006483717263517381,0.2573770491803279,0.03970266724967207,0.6613113573070495,0.1401688578989373,0.38570649208947083,0.5825545171339566,0.4294167371090448,0.02062482127537889,0.7506257110352673,0.16454398273070694,0.007196718492864687,0.6820040899795502,0.23303834808259594
Kuwait,0.0030346709679200377,0.31235955056179776,0.44279475982532757,0.9989550679205851,0.3932038834951456,0.009413637097004176,0.18032786885245905,0.4210756449497158,0.196558692885279,0.04038266056201957,1.0,1.0,0.05198647506339815,0.7926794395195882,0.31513083048919227,0.3522396114409066,0.22383513865350133,0.0015337423312883436,0.8908554572271385
Kyrgyz Republic,0.00445721699855182,0.32584269662921317,0.1746724890829695,0.6144200626959248,0.1385701676963813,0.00121376812301913,0.3606557377049181,0.0440752076956712,0.18589000541347833,0.016696769857604904,0.9749045280960174,0.8348909657320873,0.14539306846999156,0.11424077780955104,0.4584755403868032,0.09525094441446304,0.023211259302925356,0.6595092024539878,0.6460176991150441
Lao,0.00501355925805633,0.4224719101123595,0.5065502183406113,0.33751306165099265,0.21306266548984995,0.0011278238079035171,0.01639344262295082,0.042588543944031484,0.32374408534253807,0.019742092661822152,0.7479541734860884,0.7398753894080996,0.38546069315300086,0.11066628538747497,0.1467576791808874,0.14954128440366973,0.034951980939748974,0.7177914110429449,0.5073746312684366
Latvia,0.00135155957524184,0.3764044943820224,0.31877729257641907,0.831765935214211,0.33539276257722866,0.0011317303676814997,0.4836065573770493,0.26278968080454745,0.25636703999066607,0.01489309866845886,0.917075831969449,0.9797507788161994,0.018258664412510565,0.296897340577638,0.7167235494880545,0.15380464112250403,0.14670989610198218,0.03415132924335378,0.71976401179941
Lebanon,0.004203693943587741,0.41910112359550533,0.32227074235807873,0.8035527690700106,0.15913503971756401,0.022774071537703968,0.01639344262295082,0.23742894621775257,0.36870766066390803,0.05237955223253665,0.9770867430441899,0.8800623052959502,0.04852071005917161,0.12567915356019443,0.40386803185437997,0.11122504047490553,0.08579569179377594,0.01912065439672802,0.7315634218289087
Lesotho,0.0015276172523002289,0.5752808988764042,0.24454148471615722,0.3845350052246604,0.4927625772285967,0.0027295133168762993,0.3524590163934426,0.02509838216003498,0.5505187712681884,0.017179821061032472,0.4162575013638843,0.5716510903426792,0.6711749788672865,0.04418072633686017,0.6325369738339022,0.2912034538586076,0.010438926141527277,0.8200408997955011,0.0
Liberia,0.0034712940070248423,0.25617977528089897,0.2427947598253274,0.15569487983281083,0.2902912621359224,0.0019247620026119254,0.1639344262295082,0.019414079580236124,0.5049614730392096,0.027596925274079052,0.1292962356792144,0.590342679127726,0.5849535080304312,0.010723477266228196,0.4857792946530148,0.3082568807339449,0.005329992876968045,0.9008179959100204,0.42182890855457256
Libya,0.004816374659750934,0.4224719101123595,0.44192139737991265,0.5373040752351098,0.21994704324801412,8.047513142643734e-05,0.46721311475409844,0.20769567118495846,0.3262463249130658,0.011698240013441425,0.9138025095471902,0.9984423676012462,0.08706677937447169,0.288676008006863,0.12627986348122866,0.1526173772261198,0.10200673003708889,0.09550102249488752,0.7168141592920354
Liechtenstein,1.922549833477607e-05,0.4640449438202241,0.30655021834061136,0.5742946708463951,0.21959399823477496,0.009218309108105055,0.2573770491803279,0.1910100568430258,0.6261208751345292,0.5049355231654556,1.0,1.0,0.037954353338968724,0.14319416642836716,0.8204778156996586,0.16454398273070694,0.23407265492594503,0.34846625766871164,0.9380530973451329
Lithuania,0.0019642402914050333,0.3539325842696628,0.3275109170305678,0.7910135841170325,0.2581641659311562,0.00167083561704307,0.34426229508196726,0.2907739396589419,0.27667398215697436,0.017566262023774516,0.9268957992362248,0.9688473520249221,0.019780219780219783,0.28653131255361736,0.7303754266211604,0.11467889908256881,0.17127207525851693,0.03353783231083845,0.7286135693215341
Luxembourg,0.00042056657895707937,0.3146067415730336,0.30567685589519666,0.9728317659352143,0.17563989408649602,0.009101112314765585,0.3770491803278689,0.7192829033668563,0.20201610654554675,0.04409207375981855,0.9738134206219311,0.9984423676012462,0.006086221470836855,0.5603374320846439,0.8794084186575652,0.14031300593631946,0.5431434676884533,0.006952965235173825,0.9292035398230092
Madagascar,0.019358738784773857,0.4449438202247191,0.5205240174672489,0.049111807732497376,0.09293909973521623,0.00176849961149263,0.18852459016393444,0.0,0.13921207216462983,0.008169866005796615,0.046372067648663404,0.22741433021806856,0.43871513102282333,0.0059694023448670286,0.47098976109215024,0.17506745817593095,0.005526490310220323,1.0,0.4041297935103245
Malawi,0.013020662410671856,0.2808988764044944,0.3755458515283844,0.04179728317659352,0.19082082965578112,0.007577554001352451,0.0737704918032787,0.0048097944905990415,0.29719992633286424,0.016885789893728735,0.3518821603927987,0.5124610591900312,0.4057480980557904,0.0040391764369459545,0.5017064846416381,0.14123043712898004,0.0051334954437157665,0.9897750511247444,0.37463126843657824
Malaysia,0.023161584609235057,0.7191011235955056,0.5065502183406113,0.806687565308255,0.05428067078552515,0.0038272566144893516,0.2540983606557377,0.27240926978574553,0.11119885090468122,0.002173730415424035,0.9541734860883797,0.9548286604361371,0.051394759087066796,0.27330569059193593,0.6598407281001136,0.037776578521316787,0.12951637069240782,0.042638036809815955,0.7020648967551626
Maldives,0.00032549543334554936,0.49550561797752835,0.3065502183406116,0.6990595611285267,0.2847308031774051,0.06164434132862879,0.2573770491803279,0.15085264538696982,0.3310249156020937,0.060780442726929056,0.9694489907255865,0.9922118380062306,0.05849535080304312,0.10494709751215327,0.7506257110352673,0.18656233135456013,0.09709429420578194,0.03445807770961146,0.8141592920353982
Mali,0.014358700756315611,0.5674157303370784,0.37117903930131,0.18181818181818182,0.05163283318623124,0.0005769988792079997,0.18032786885245905,0.028683865325754267,0.10958960397945493,0.01839795018271937,0.3780687397708674,0.6542056074766356,0.812341504649197,0.005826422647983986,0.4926052332195677,0.028602266594711278,0.008621324883943703,0.8445807770961145,0.28908554572271417
Malta,0.00033394620184435205,0.32584269662921317,0.14410480349344967,0.8119122257053293,0.10679611650485436,0.060081717417435836,0.1639344262295082,0.4236991692173153,0.3973211091450414,0.03623724114756165,1.0,1.0,0.04497041420118343,0.7497855304546754,0.8111490329920362,0.06449001618996222,0.21401026699088743,0.0032719836400817996,0.9174041297935105
Marshall Islands,2.429595943405767e-05,0.4640449438202241,0.30655021834061136,0.4986415882967608,0.21959399823477496,0.009765227477022591,0.2573770491803279,0.07389593353738522,0.7982542809866606,0.25442096862267405,0.801418439716312,0.780373831775701,0.26542688081149624,0.09136402630826422,0.7506257110352673,0.16454398273070694,0.02257264264485545,0.3732106339468303,0.41002949852507387
Mauritania,0.0030487555820847088,0.31235955056179776,0.44279475982532757,0.32497387669801464,0.3932038834951456,8.51630031600162e-05,0.1475409836065574,0.044512461740271105,0.07649443307189653,0.024026546813962282,0.42716857610474634,0.5451713395638629,0.6255283178360102,0.020767800972261937,0.3117178612059158,0.3522396114409066,0.025077984918822,0.6687116564417179,0.5634218289085546
Mauritius,0.0009008519219723643,0.16292134831460658,0.23930131004366817,0.5705329153605017,0.088261253309797,0.024727351426695163,0.13934426229508198,0.1359860078705728,0.2235073710804623,0.013882471541983452,0.8038188761593018,0.9984423676012462,0.11665257819103975,0.1621389762653703,0.8122866894197952,0.18078791149487317,0.1108491145334414,0.130879345603272,0.7050147492625367
Mexico,0.08802123283754552,0.5505617977528088,0.7423580786026202,0.5506792058516198,0.09576345984112974,0.0024052688553037604,0.0819672131147541,0.11412330564057718,0.2081952785032345,0.003320451967908598,0.8930714675395526,0.9813084112149533,0.0929839391377853,0.14998570203031167,0.5813424345847553,0.06853750674581759,0.09709429420578194,0.2965235173824131,0.7109144542772863
"Micronesia, Fed. Sts.",6.985968625676872e-05,0.4640449438202241,0.30655021834061136,0.3406478578892372,0.21959399823477496,0.006053995687939317,0.2573770491803279,0.036029733275032796,0.5828968514887101,0.19120426765237114,0.8963447899618112,0.8457943925233644,0.24598478444632296,0.04704032027452102,0.7506257110352673,0.16454398273070694,0.013681133790189867,0.7341513292433538,0.37463126843657824
Moldova,0.0022107210392867775,0.297752808988764,0.10043668122270732,0.48380355276907,0.2016769638128862,0.003667087663592074,0.5655737704918034,0.08963707914298208,0.2874247162450199,0.02253538875120763,0.806873977086743,0.8489096573208723,0.11918850380388843,0.04453817557906777,0.5426621160409556,0.06907717215326498,0.05730356397219562,0.1554192229038855,0.666666666666667
Monaco,1.9295921405599426e-05,0.4640449438202241,0.30655021834061136,0.5742946708463951,0.21959399823477496,0.9999999999999999,0.2573770491803279,0.6047223436816791,0.12792769552697386,0.40509093963960185,1.0,1.0,0.012764158918005072,0.24628252788104085,0.8204778156996585,0.16454398273070694,1.0,0.2643762781186094,0.8407079646017701
Mongolia,0.0022248056534514486,1.0,0.26637554585152834,0.4503657262277952,0.19064430714916156,0.0,0.3524590163934426,0.07179711412330564,0.15748972965499886,0.02423656907632209,0.6344789961811238,0.7009345794392523,0.12341504649196958,0.45667715184443813,0.6166097838452786,0.09525094441446304,0.05730356397219562,0.39366053169734155,0.4896755162241888
Montenegro,0.0004262004246229478,0.6235955056179772,0.2794759825327512,0.7053291536050157,0.6248896734333628,0.0016630224974871054,0.5655737704918034,0.13423699169217315,0.3847785860423215,0.05510984164321418,0.9694489907255865,0.9766355140186915,0.007185122569737953,0.11352587932513583,0.5301478953356086,0.4144630329195898,0.09955051212143541,0.1901840490797546,0.7138643067846608
Morocco,0.02520385366311237,0.3764044943820224,0.46113537117903924,0.6353187042842215,0.10088261253309795,0.00305766433822682,0.13934426229508198,0.08701355487538259,0.18201774568608264,0.007182761372705506,0.8406983087834152,0.7507788161993769,0.1749788672865596,0.06562768086931656,0.4448236632536973,0.1629249865083648,0.03745732321371552,0.38650306748466257,0.640117994100295
Mozambique,0.02041508484712419,0.3707865168539324,0.5205240174672486,0.07210031347962383,0.09479258605472196,0.0013622173945824609,0.0819672131147541,0.005159597726278971,0.36978499112960805,0.015583651867097913,0.2569558101472995,0.3052959501557633,0.6043956043956045,0.014941378324277952,0.31513083048919227,0.15731246627091203,0.004200132635767445,0.9683026584867076,0.19174041297935118
Myanmar,0.03682366034896604,0.7528089887640448,0.40960698689956343,0.3103448275862069,0.0017652250661959364,0.003045944658892873,0.05737704918032787,0.04634892872759074,0.17932011235967277,0.009261981770067628,0.7021276595744681,0.6433021806853583,0.37616229923922234,0.01669287961109522,0.3128555176336746,0.011063140852671342,0.02159015547859406,0.6676891615541922,0.5221238938053099
Namibia,0.001809309535593651,0.6123595505617976,0.258515283842795,0.4054336468129571,0.8499558693733451,4.297215755780634e-05,0.3606557377049181,0.08264101442938347,0.38337426005407343,0.015394631830974084,0.2875068194217131,0.7570093457943927,0.32037193575655115,0.13425793537317698,0.5881683731513082,0.46573124662709114,0.048461179475843094,0.5869120654396728,0.3923303834808263
Nauru,4.929614957634892e-07,0.4640449438202241,0.30655021834061136,0.5742946708463951,0.21959399823477496,0.022344349962125903,0.2573770491803279,0.05168342807170966,0.5497663942828226,0.689167051707481,0.6279323513366067,0.9532710280373833,0.25443786982248523,0.1675007148984844,0.7506257110352673,0.16454398273070694,0.04556284233537199,0.6308793456032721,0.34808259587020673
Nepal,0.01978127720971399,0.4449438202247191,0.5205240174672489,0.25705329153605017,0.09479258605472196,0.007382226012453331,0.0819672131147541,0.04853519895059031,0.15722138117869017,0.013252404754904022,0.6639388979814511,0.8411214953271029,0.25781910397295016,0.03274235058621676,0.46643913538111487,0.15731246627091205,0.016137351705843343,0.5265848670756647,0.5722713864306783
Netherlands,0.012246008631614945,0.0,0.14847161572052403,0.9184952978056428,0.09267431597528686,0.02011761088867594,0.46721311475409844,0.5137735024048973,0.4851187708640802,0.011899861385306845,0.9749045280960174,1.0,0.018343195266272195,0.34944237918215615,0.888509670079636,0.06961683756071235,0.2700120354677867,0.003987730061349694,0.8938053097345136
New Zealand,0.0034431247786955,0.04494382022471877,0.2427947598253274,0.8881922675026124,0.09929390997352162,0.0006434103954337003,0.45901639344262296,0.36423261915172717,0.4262953050783921,0.039236359054059734,1.0,1.0,0.03381234150464921,0.2840291678581641,0.9306029579067121,0.09147328656233135,0.20958907474271118,0.001226993865030675,0.8967551622418881
Nicaragua,0.004499470841045834,0.36067415730337027,0.3467248908296944,0.3510971786833856,0.20917917034421887,0.0019989866383935914,0.03278688524590164,0.09313511149978139,0.394296061614717,0.014008484899399336,0.7043098745226405,0.7118380062305296,0.1403212172442942,0.03667429225050043,0.2901023890784983,0.15461413923367512,0.025569228501952694,0.40286298568507156,0.7020648967551626
Niger,0.01562631603113601,0.3640449438202249,0.5021834061135372,0.28965517241379307,0.11165048543689322,0.0006043447976538764,0.34426229508196726,0.010494097070397905,0.20339627503703595,0.014785567270130634,0.06492089470812877,0.17445482866043616,0.6931530008453086,0.002823849013440091,0.30489192263936293,0.07674042093901781,0.00370888905263675,0.9703476482617588,0.3126843657817111
Nigeria,0.14435968949623,0.46404494382022454,0.3100436681222708,0.24764890282131657,0.1528684907325684,0.008710456336967345,0.26229508196721313,0.017577612592916493,0.0712569268719258,0.005775612214894779,0.36933987997817785,0.5809968847352025,1.0000000000000002,0.017229053474406633,0.3822525597269624,0.11716135995682675,0.02286738879473387,0.9202453987730062,0.3657817109144543
North Korea,0.018231969651600167,0.3764044943820224,0.5519650655021832,0.36468129571577845,0.1115622241835834,0.008319800359169105,0.16229508196721312,0.02431132487975514,0.19161856966916851,0.003370857310874953,0.8243316966721222,0.9096573208722742,0.13947590870667795,0.04132113239919931,0.0,0.1802482460874258,0.0072458428511777565,0.9202453987730062,0.6342182890855459
North Macedonia,0.0013445172681595045,0.5449438202247188,0.14410480349344967,0.7857889237199582,0.8190644307149162,0.002932654425331383,0.5327868852459017,0.10537822474857893,0.2724931411227344,0.021338261855756713,0.9705400981996726,0.9641744548286606,0.06931530008453086,0.12389190734915642,0.5449374288964732,0.4927145169994603,0.07498833296490065,0.2208588957055215,0.6755162241887906
Norway,0.0037318593690712576,0.11235955056179758,0.11353711790393006,0.9665621734587252,0.13415710503089145,0.0006043447976538764,0.1557377049180328,0.6160909488412768,0.4815351928347318,0.03603141933044903,0.9792689579923621,1.0,0.007100591715976334,0.33228481555619105,1.0,0.07501349163518618,0.3156976886989413,0.0048057259713701434,0.9262536873156342
Oman,0.0032318555662254334,0.2853932584269665,0.3965065502183406,0.851619644723093,0.28102383053839375,0.0005027742434263342,0.2213114754098361,0.2820288587669436,0.078663063984981,0.039236359054059734,0.9923622476813965,0.867601246105919,0.08199492814877432,0.4852730912210466,0.22298065984072807,0.3126281705342687,0.16586839584407928,0.01768916155419223,0.6548672566371683
Pakistan,0.1598527650773682,0.8202247191011232,0.25764192139737985,0.1180773249738767,0.0759046778464254,0.011405982583775197,0.1639344262295082,0.029121119370354186,0.05559406412097721,0.0036774898139202757,0.6039279869067103,0.8442367601246106,0.5714285714285714,0.035959393766085215,0.3515358361774744,0.0742039935240151,0.022965637511360007,0.8537832310838446,0.4159292035398232
Palau,4.9296149576348895e-06,0.4640449438202241,0.30655021834061136,0.5742946708463951,0.21959399823477496,0.0014325354705861442,0.2573770491803279,0.1456055968517709,0.6546560048761888,1.0,0.9781778505182759,0.9922118380062306,0.13693998309382927,0.47097512153274235,0.7506257110352673,0.16454398273070694,0.08333947387812246,0.1441717791411043,0.4719764011799412
Palestine,0.003407913243283822,0.393258426966292,0.3694323144104802,0.6311389759665623,0.796999117387467,0.03140756864704506,0.0,0.1045037166593791,0.4142272403006967,0.10803545175788633,0.9749045280960174,0.9579439252336448,0.15722738799661878,0.022769516728624532,0.37656427758816835,1.0,0.028909684867241423,0.21881390593047034,0.6873156342182893
Panama,0.0029290363616850043,0.25842696629213435,0.7641921397379915,0.6039707419017764,0.08781994704324801,0.002116183431733063,0.13114754098360656,0.26891123742894624,0.35719715487723314,0.0043663628344604525,0.8057828696126569,0.9049844236760125,0.11496196111580728,0.1467686588504432,0.6791808873720135,0.09686994063680518,0.15652985532876476,0.13394683026584867,0.8407079646017701
Papua New Guinea,0.006605120658664165,0.27303370786516856,0.22969432314410454,0.7464994775339603,0.15198587819947046,0.000729354710549313,0.20327868852459022,0.02361171840839528,0.024062728440594164,0.02005712605536187,0.11729405346426623,0.15887850467289721,0.389687235841082,0.0317057477838147,0.5631399317406143,0.10188882892606584,0.017021590155478595,0.8803680981595092,0.38348082595870236
Paraguay,0.00452059776229284,0.4157303370786516,0.7074235807860262,0.6374085684430513,0.12180052956751984,0.0005418398412061581,0.13934426229508198,0.1534761696545693,0.2895137343886044,0.007770823707312975,0.8985270049099836,0.9922118380062306,0.15553677092138635,0.06955962253360022,0.5870307167235495,0.1297895304910955,0.06565470488541744,0.2096114519427403,0.7404129793510328
Peru,0.022457353901001502,0.3483146067415728,0.5240174672489083,0.5339602925809823,0.07237422771403354,0.0008934302212245736,0.2540983606557377,0.1045037166593791,0.1948293190491419,0.005355567690175159,0.7392253136933987,0.8816199376947043,0.10650887573964499,0.07063197026022304,0.6279863481228668,0.07123583378305451,0.06025102547097978,0.31492842535787324,0.8436578171091447
Philippines,0.07675354150580864,0.5393258426966288,0.6069868995633189,0.41901776384535006,0.04457193292144748,0.014179640026142698,0.4180327868852459,0.05693047660690862,0.12258012689498778,0.0034443651027008864,0.7828696126568466,0.8940809968847352,0.2256973795435334,0.056691449814126396,0.6405005688282137,0.03966540744738262,0.03898017832142068,0.6646216768916156,0.5958702064896753
Poland,0.026894007362872903,0.4157303370786516,0.1921397379912665,0.768025078369906,0.11871138570167696,0.0048038965589849505,0.3360655737704918,0.21381722780935727,0.26353419604936307,0.012185491662116184,0.9890889252591379,0.8847352024922117,0.023245984784446328,0.3026165284529597,0.6359499431171786,0.08229897463572586,0.1535873062658119,0.04294478527607362,0.7846607669616521
Portugal,0.007245970603156701,0.3539325842696628,0.30567685589519666,0.7387669801462906,0.22241835834068846,0.00429604378784724,0.0819672131147541,0.2741582859641452,0.4486857275657036,0.022647540639307767,0.995635570103655,0.9875389408099688,0.017328825021132716,0.19287961109522447,0.7690557451649602,0.16810577441985966,0.1653771522609486,0.023619631901840493,0.8938053097345136
Qatar,0.001936071063075691,0.5505617977528088,0.26637554585152834,1.0,0.4962930273609885,0.009218309108105055,0.4147540983606558,0.9038041101880193,0.06355633850019606,0.017637669592976857,0.9989088925259137,1.0,0.0433643279797126,0.8748927652273377,0.24004550625711035,0.3332973556395034,0.446859725394837,0.0,0.7286135693215341
Romania,0.013795316189728768,0.3764044943820224,0.23144104803493437,0.696969696969697,0.1575463371579877,0.0032490857673479574,0.3770491803278689,0.135111499781373,0.2163504186629408,0.03253328852858403,0.8439716312056738,1.0,0.047168216398985635,0.15999428081212466,0.6029579067121729,0.06529951430113329,0.13934124235502174,0.12883435582822086,0.7109144542772863
Russia,0.1028100777104502,0.32022471910112316,0.2925764192139738,0.8035527690700106,0.1588702559576346,0.0002699432806585835,0.778688524590164,0.2260603410581548,0.19357556402004777,0.006242281681858277,0.8745226404800872,0.9485981308411215,0.0463229078613694,0.33049756934515295,0.21160409556313992,0.10118726389638424,0.12902512710927713,0.05511247443762781,0.6371681415929205
Rwanda,0.008795278161270521,0.04494382022471877,0.3755458515283844,0.15882967607105536,0.5101500441306266,0.020078545290896116,0.049180327868852465,0.014604285089637082,0.2867645871280226,0.021233250724576807,0.6715766503000545,0.39875389408099693,0.2840236686390532,0.004503860451815842,0.2582480091012514,0.4144630329195898,0.007933583867560729,0.9376278118609408,0.49852507374631294
Samoa,0.00013887429566365717,0.46404494382022454,0.30655021834061136,0.471264367816092,0.21959399823477496,0.002788111713546035,0.2573770491803279,0.08264101442938347,0.17181810438086137,0.1319779896669047,0.961811238406983,0.928348909657321,0.11918850380388843,0.046325421790105806,0.7506257110352673,0.16454398273070694,0.02802544641760617,0.4008179959100205,0.5604719764011801
Sao Tome and Principe,0.00014028275708012427,0.46404494382022454,0.30655021834061136,0.3552769070010449,0.21959399823477496,0.0084760627502884,0.2573770491803279,0.033930913860953225,0.2157279648962921,0.054479774856134755,0.38679759956355697,0.6448598130841123,0.24936601859678784,0.02012439233628824,0.7506257110352673,0.16454398273070694,0.01756195809692236,0.7975460122699387,0.5693215339233042
Saudi Arabia,0.02140100783865117,0.34719101123595486,0.5205240174672489,0.9331243469174504,0.06354810238305383,0.00047152176520247503,0.10655737704918034,0.41145605596851775,0.20563737246776692,0.0075145965472340065,0.9487179487179487,0.9797507788161994,0.045308537616229924,0.610380325993709,0.09670079635949942,0.503507825148408,0.2272738437354162,0.01032719836400818,0.6755162241887906
Senegal,0.01118966256926461,0.2146067415730335,0.48908296943231455,0.32706374085684425,0.12444836716681375,0.003151421772898398,0.2213114754098361,0.03786620026235244,0.1513575049585476,0.015583651867097913,0.5199127114020731,0.7118380062305296,0.3541842772612004,0.03281384043465828,0.5767918088737201,0.09908256880733944,0.014417999164885911,0.761758691206544,0.4896755162241888
Serbia,0.004936093880150638,0.3820224719101124,0.2532751091703057,0.7251828631138977,0.49249779346866723,0.0034951990333608484,0.4426229508196722,0.1254919108001749,0.3962269866299588,0.03452765993195279,0.9759956355701036,0.914330218068536,0.03254437869822485,0.1839433800400343,0.6063708759954493,0.3685914732865623,0.08333947387812246,0.08977505112474438,0.7138643067846608
Seychelles,7.338083979793649e-05,0.5112359550561796,0.18777292576419213,0.6812957157784745,0.088261253309797,0.009765227477022591,0.2573770491803279,0.1805859204197639,0.18197425717490745,0.10585122022934432,0.9912711402073104,0.9408099688473521,0.10735418427726122,0.24042036030883612,0.7922639362912398,0.050188882892606576,0.14670989610198218,0.06728016359918201,0.6519174041297937
Sierra Leone,0.005309336155514423,0.3359550561797753,0.4279475982532751,0.1233019853709509,0.21756398940864966,0.004022584603388472,0.05737704918032787,0.01958898119807609,0.38178486376207776,0.016528752047717057,0.11838516093835243,0.38940809968847356,0.8732037193575656,0.004182156133828996,0.4072810011376565,0.14743658931462492,0.00577211210178567,0.9151329243353784,0.28908554572271417
Singapore,0.003957213195705996,0.6741573033707864,0.16855895196506554,0.8798328108672937,0.17925860547219774,0.3222118785200545,0.17213114754098363,1.0000000000000002,0.1300730445308647,0.01893140672911329,1.0,1.0,0.009382924767540154,1.0,0.6029579067121729,0.11478683216405827,0.47682558396580943,0.00020449897750511248,0.9823008849557526
Slovak Republic,0.00382340936114162,0.3707865168539324,0.0,0.7983281086729364,0.2268314210061783,0.004256978190067416,0.21311475409836067,0.20769567118495846,0.28503566422545423,0.04052589574494897,0.9727223131478451,0.9968847352024923,0.032882502113271345,0.275092936802974,0.6848691695108077,0.167835941716136,0.1516223319332891,0.03660531697341513,0.7699115044247788
Slovenia,0.0014501511701638296,0.3539325842696628,0.06113537117903933,0.7920585161964473,0.1624007060900265,0.003944453407828824,0.4754098360655738,0.3572365544381286,0.38119500801297296,0.016285126223379683,0.9836333878887069,0.9922118380062306,0.0037193575655114115,0.35659136402630826,0.7303754266211604,0.1419320021586616,0.184044408419915,0.0015337423312883436,0.8849557522123899
Solomon Islands,0.0004916938804886685,0.4955056179775279,0.24978165938864627,0.17659352142110762,0.35551632833186236,0.0008817105418906265,0.2573770491803279,0.022212505465675568,0.11205536427852782,0.06036039820220944,0.2820512820512821,0.485981308411215,0.1546914623837701,0.008900486130969403,0.5233219567690557,0.2316243928764166,0.010389801783214206,0.8916155419222904,0.22418879056047203
South Africa,0.04126031381083744,0.5561797752808988,0.331004366812227,0.6102403343782654,1.0,0.0017958455299385066,0.3852459016393443,0.08963707914298208,0.36973970844036624,0.005691603309950855,0.7228587015821057,0.8909657320872275,0.27134404057480976,0.19287961109522447,0.7007963594994312,0.7220723151645979,0.06663719205167883,0.6186094069529653,0.38348082595870236
South Korea,0.03633069885320255,0.50561797752809,0.22707423580786024,0.9613375130616509,0.14563106796116507,0.020312938877575057,0.4180327868852459,0.3834717971141233,0.2424296940708216,0.010307892636619482,0.9989088925259137,0.9953271028037385,0.012595097210481826,0.4959965684872748,0.7872582480091012,0.08418780356179169,0.20369415174514283,0.008077709611451944,0.9292035398230092
South Sudan,0.00710512446150999,0.3112359550561794,0.27510917030567683,0.008359456635318702,0.15842894969108562,0.0006199710367658059,0.21475409836065576,0.0019239177962396183,0.4872784720979786,0.035157726719032216,0.06710310965630116,0.0809968847352025,0.8191039729501268,0.005254503860451816,0.6084186575654152,0.12827846735024287,0.0,0.9897750511247444,0.3421828908554574
Spain,0.03316166066615155,0.292134831460674,0.24890829694323158,0.857889237199582,0.5145631067961165,0.003581143348476461,0.4098360655737705,0.37822474857892435,0.424010832616457,0.008129541731423532,0.9989088925259137,0.9984423676012462,0.011242603550295858,0.22612239062053185,0.7963594994311717,0.42525634106853744,0.19386928008252893,0.025664621676891614,0.9351032448377579
Sri Lanka,0.015696739101959366,0.5337078651685392,0.4157205240174672,0.25391849529780564,0.04501323918799646,0.013788984048344458,0.05737704918032787,0.06593790992566681,0.10406497374335373,0.0,0.9083469721767593,0.8146417445482865,0.04852071005917161,0.05919359450957964,0.5813424345847553,0.12655153804641123,0.06516346130228674,0.4948875255623722,0.7610619469026552
St. Lucia,0.00011704314370841694,0.4719101123595504,0.30655021834061136,0.6833855799373042,0.5763459841129743,0.011132523399316429,0.2573770491803279,0.17096633143856582,0.13672721677002753,0.012559331289116647,0.8188761593016912,0.9517133956386294,0.1259509721048183,0.08171289676865884,0.7922639362912398,0.48731786292498647,0.07498833296490065,0.06789366053169735,0.6991150442477876
St. Vincent and the Grenadines,6.633853271560093e-05,0.4640449438202241,0.30655021834061136,0.5433646812957158,0.21959399823477496,0.010429342639279597,0.2573770491803279,0.10975076519457805,0.1407048080091769,0.03872810517914899,0.8876159301691217,0.9641744548286606,0.1242603550295858,0.07170431798684586,0.7506257110352673,0.16454398273070694,0.06663719205167883,0.2474437627811861,0.6312684365781713
Sudan,0.031119391612274235,0.33258426966292065,0.3764192139737995,0.21525600835945663,0.3067961165048544,0.0009012433407805385,0.25901639344262295,0.021950153038915614,0.15325453888183982,0.006993741336581677,0.30932896890343703,0.38473520249221194,0.4970414201183432,0.01715756362596511,0.12172923777019339,0.2344846195358877,0.019232186279566722,0.8977505112474438,0.5516224188790559
Suriname,0.0004149327332912109,0.4955056179775279,0.3065502183406116,0.5339602925809823,0.30503089143865847,7.070873198148136e-05,0.2573770491803279,0.14822912111937037,0.2861082721325746,0.007371781408829336,0.8745226404800872,0.9548286604361371,0.14539306846999156,0.10995138690305976,0.6712172923777019,0.2066378845116028,0.08825190970942942,0.1359918200408998,0.6253687315634218
Sweden,0.007175547532333345,0.20786516853932557,0.14410480349344967,0.8902821316614421,0.20079435127978817,0.0008973367810025559,0.18032786885245905,0.48054219501530393,0.540066967314091,0.022647540639307767,0.9879978177850519,0.9953271028037385,0.008537616229923922,0.2540034315127252,0.9453924914675769,0.1297895304910955,0.25330975364134306,0.009713701431492843,0.9233038348082596
Switzerland,0.005992439942500972,0.2359550561797752,0.2707423580786027,0.9174503657262278,0.14916151809355693,0.008241669163609458,0.7622950819672133,0.6598163533012681,0.5300485744266491,0.01281975889444281,0.9989088925259137,1.0,0.02045646661031277,0.5210180154418073,0.9044368600682593,0.12871019967620076,0.33534743202416917,0.0015337423312883436,0.9587020648967552
Syria,0.013795316189728768,0.33595505617977484,0.3205240174672489,0.3113897596656217,0.19920564872021185,0.00410071579894812,0.28524590163934427,0.03917796239615217,0.20086974024090032,0.109505607594405,0.9301691216584833,0.9018691588785048,0.1267962806424345,0.05883614526737203,0.039817974971558576,0.13297355639503508,0.016235600422469482,0.7106339468302659,0.64306784660767
Taiwan,0.016682662093486345,0.364044943820224,0.4157205240174672,0.3299895506792058,0.1385701676963813,0.026016516153429353,0.3032786885245902,0.4097070397901181,0.2014789049056902,0.009763934977107574,0.6333878887070377,0.6785046728971964,0.024175824175824177,0.4388046897340578,0.7565415244596131,0.06610901241230437,0.24250239481246777,0.0033742331288343563,0.8495575221238942
Tajikistan,0.0065487822020054804,0.27303370786516856,0.22969432314410454,0.7464994775339603,0.15198587819947046,0.0024599606921955138,0.05737704918032787,0.05115872321818978,0.3053426063917625,0.011509219977317596,0.960720130932897,0.694704049844237,0.27979712595097206,0.0516871604232199,0.09670079635949942,0.10188882892606584,0.01461449659813819,0.6114519427402862,0.5250737463126844
Tanzania,0.040415236960957175,0.4629213483146071,0.5895196506550219,0.1368861024033438,0.3693733451015005,0.002452147572639549,0.049180327868852465,0.014341932662877135,0.13523712918964415,0.01136220439366573,0.2133115111838516,0.30062305295950165,0.43364327979712597,0.0099013440091507,0.4926052332195677,0.2684835402050728,0.010193304349961928,0.9406952965235175,0.45132743362831884
Thailand,0.05027446687622695,0.5786516853932584,0.37117903930131,0.5517241379310345,0.0,0.00538988052568231,0.09836065573770493,0.1254919108001749,0.11782610987558066,0.00116142311084975,0.9792689579923621,0.9922118380062306,0.06255283178360102,0.1335430368887618,0.40386803185437997,0.0,0.08481320462751456,0.16768916155419222,0.7935103244837758
Timor-Leste,0.0008938096148900287,0.40000000000000036,0.24541484716157191,0.24660397074190177,0.35454545454545466,0.003272525126015852,0.26393442622950825,0.014341932662877135,0.2670894871055369,0.03662788255555089,0.4991816693944353,0.7009345794392523,0.37278106508875736,0.013869030597655131,0.6951080773606371,0.26475984889368587,0.012944268415493822,0.9652351738241309,0.5634218289085546
Togo,0.005809339958360247,0.2404494382022473,0.5851528384279477,0.12016718913270637,0.15481023830538396,0.005858667699040198,0.2540983606557377,0.025360734586794935,0.2503314787279784,0.01096316209518209,0.10310965630114567,0.48130841121495327,0.5756551141166526,0.0342436374034887,0.22980659840728102,0.08467350242849433,0.007786210792621521,0.867075664621677,0.3864306784660769
Tonga,6.70427634238345e-05,0.12359550561797716,0.30655021834061136,0.5161964472309301,0.07722859664607237,0.006249323676838437,0.2573770491803279,0.06786182772190644,0.17372259991087363,0.1962448019490066,0.9378068739770866,0.9797507788161994,0.11749788672865596,0.0459679725478982,0.7922639362912398,0.0431732325957906,0.028762311792302216,0.32004089979550104,0.6342182890855459
Trinidad and Tobago,0.0010276134494544044,0.35056179775280905,0.2532751091703057,0.7189132706374086,0.3381288614298324,0.011132523399316429,0.34918032786885245,0.21556624398775692,0.27681491233560857,0.02309656823623304,0.9334424440807421,0.9828660436137073,0.1403212172442942,0.5424649699742636,0.6916951080773605,0.23475445223961144,0.12509517844423157,0.05961145194274029,0.6902654867256639
Tunisia,0.008302316665507034,0.3999999999999999,0.3755458515283844,0.6290491118077326,0.19090909090909094,0.0028779625884396303,0.21311475409836067,0.10975076519457805,0.24128726002634676,0.01680178098878481,0.9487179487179487,0.9330218068535827,0.1293322062552832,0.08278524449528166,0.6063708759954493,0.16740420939017808,0.051899884557757965,0.16564417177914112,0.7699115044247788
Turkey,0.059429466083263174,0.7303370786516856,0.5676855895196508,0.7001044932079415,0.34024713150926744,0.004217912592287592,0.2868852459016394,0.18233493659816355,0.28981592068100265,0.005481581047591045,0.9792689579923621,0.9485981308411215,0.07523245984784448,0.18251358307120388,0.3742889647326508,0.3254182406907717,0.13737626802249894,0.11349693251533742,0.7876106194690267
Turkmenistan,0.0046825708251865585,0.4224719101123595,0.4262008733624455,0.5926854754440961,0.21994704324801415,0.0004754283249804574,0.4426229508196722,0.09226060341058155,0.2267398193837612,0.003039022136346453,0.9847244953627932,0.9890965732087227,0.37278106508875736,0.48884758364312264,0.07281001137656425,0.1526173772261198,0.0794095252130769,0.5766871165644172,0.5663716814159292
Tuvalu,0.0,0.4640449438202241,0.30655021834061136,0.4986415882967608,0.21959399823477496,0.01390618084168393,0.2573770491803279,0.07914298207258418,0.9999999999999999,0.5379510228084178,0.8199672667757774,0.9875389408099688,0.1918850380388842,0.03524449528167,0.7506257110352673,0.16454398273070694,0.018888315771375237,0.4877300613496933,0.48377581120943947
UAE,0.006576951430334823,0.27303370786516856,0.0393013100436681,0.987460815047022,0.15198587819947046,0.0050773557434437185,0.20491803278688525,0.6746829908176651,0.22887771896509712,0.011508799932792876,0.9901800327332242,1.0,0.04978867286559595,0.839147841006577,0.19112627986348124,0.10188882892606584,0.34762852160243657,0.00408997955010225,0.6578171091445428
UK,0.047035005618352596,0.20224719101123556,0.2532751091703057,0.9059561128526646,0.10238305383936451,0.010663736225958542,0.2950819672131148,0.46130301705290777,0.31679229515624874,0.006591758726425001,0.9901800327332242,1.0,0.021639898562975487,0.28581641406920216,0.8475540386803184,0.07123583378305451,0.22285265148723996,0.008077709611451944,0.8731563421828912
USA,0.2359096815665922,0.26404494382022436,0.4672489082969432,0.8829676071055382,0.11694616063548104,0.0013504977152485138,0.5,0.690424136423262,0.13234769380815847,0.004349141008946949,0.9967266775777415,0.9953271028037385,0.040828402366863914,0.6211038032599371,0.7827076222980659,0.07879114948731786,0.2975216761231056,0.011554192229038855,0.8141592920353982
Uganda,0.029288391770866992,0.3325842696629211,0.2427947598253276,0.020898641588296754,0.3003530450132393,0.008046341174710337,0.13114754098360656,0.016353301268036732,0.12680906910258966,0.012223295669340951,0.1292962356792144,0.2632398753894082,0.3778529163144548,0.005826422647983986,0.4687144482366325,0.20523475445223957,0.008621324883943703,0.9212678936605316,0.42182890855457256
Ukraine,0.0318236223205078,0.3943820224719099,0.10480349344978168,0.6123301985370951,0.4307149161518094,0.0029678134633332252,0.3524590163934426,0.1045037166593791,0.335803019641225,0.008085857100852691,0.9749045280960174,0.8987538940809969,0.05942519019442098,0.16964541035173003,0.5244596131968144,0.17485159201295195,0.058286051138457,0.10224948875255624,0.6637168141592924
Uruguay,0.002379736409262831,0.5561797752808988,0.44104803493449773,0.8014629049111809,0.1593115622241836,0.0006863825529915068,0.19672131147540986,0.24180148666375167,0.4250653798875724,0.022947032385432855,0.9727223131478451,0.9922118380062306,0.04970414201183433,0.10923648841864454,0.8304891922639361,0.19266055045871558,0.11379657603222558,0.05501022494887526,0.7699115044247788
Uzbekistan,0.02280946925511828,0.3471910112359553,0.5048034934497819,0.5350052246603971,0.10088261253309795,0.0028935888275515593,0.04098360655737705,0.01416703104503717,0.19007084644771832,0.009261981770067628,0.9541734860883797,0.9252336448598131,0.1665257819103973,0.09958535887903917,0.10580204778156997,0.1629249865083648,0.032839633532286985,0.26278118609406953,0.4926253687315634
Vanuatu,0.00019310006019764096,0.46404494382022454,0.30655021834061136,0.3709508881922675,0.23495145631067965,0.0008348318245548376,0.2573770491803279,0.03296895496283341,0.08480539914957906,0.09879447221405468,0.44244408074195307,0.838006230529595,0.2087912087912088,0.018051186731484127,0.7506257110352673,0.1902860226659471,0.0131407658487461,0.761758691206544,0.41002949852507387
Venezuela,0.020978469413711034,0.3707865168539324,0.5205240174672489,0.38620689655172413,0.09479258605472196,0.0011903287643512356,0.00819672131147541,0.043812855268911245,0.1775894656366196,0.0034443651027008864,0.9585379159847245,0.9065420560747663,0.19273034657650046,0.040963683156991705,0.2366325369738339,0.15731246627091203,0.04895242305897379,0.6728016359918201,0.7079646017699117
Vietnam,0.06773938844041913,0.50561797752809,0.34497816593886454,0.6875653082549634,0.013239187996469549,0.011913835354912907,0.11475409836065574,0.10362920857017928,0.19539733480139937,0.00598563447725459,0.834151663938898,0.9252336448598131,0.16060862214708369,0.06384043465827852,0.22753128555176338,0.005396654074473827,0.04521897182718051,0.24130879345603273,0.6755162241887906
Zambia,0.012668547056555079,0.4494382022471912,0.32663755458515265,0.10762800417972833,0.3640776699029126,0.0008660843027786968,0.18852459016393444,0.012068211630957589,0.17155372710627215,0.014092493804343261,0.2875068194217131,0.46884735202492234,0.474218089602705,0.015835001429796967,0.515358361774744,0.2822450080949811,0.014417999164885911,0.9325153374233129,0.32743362831858414
Zimbabwe,0.010555854931854411,0.20674157303370766,0.3755458515283844,0.21943573667711597,0.1536628420123566,0.0014403485901421087,0.049180327868852465,0.02448622649759511,0.16560644967738958,0.01348342924349981,0.3060556464811784,0.43146417445482876,0.37616229923922234,0.02881040892193308,0.2366325369738339,0.12552617377226122,0.009652936408518165,0.8486707566462168,0.27138643067846635
