country,1960,1961,1962,1963,1964,1965,1966,1967,1968,1969,1970,1971,1972,1973,1974,1975,1976,1977,1978,1979,1980,1981,1982,1983,1984,1985,1986,1987,1988,1989,1990,1991,1992,1993,1994,1995,1996,1997,1998,1999,2000,2001,2002,2003,2004,2005,2006,2007,2008,2009,2010,2011,2012,2013,2014,2015,2016,2017,2018,2019,2020,2021,2022
Aruba,,,,,,,,,,,,,,,,,,,,,,,,,,195,675,353,325,403,478,379,434,337,235,323,235,290,127,−82.3,,,,,,,,,,,,,,,,,,,,,,,
Afghanistan,1.9,3.76,1.8,3.82,4.7,5.37,4.95,3.91,2.72,2.47,2.45,3.84,4.66,4.58,3.92,5.24,5.38,6.2,5.47,7.27,2.17,1.92,0.886,1.23,0.6,1.43,0.232,4.09,6.38,12.6,10.2,41.6,15.4,15,13.9,12.5,9.55,12.5,8.57,7.18,6.76,20.2,57.2,67.7,96.3,115,114,175,175,210,220,230,218,163,151,126,117,107,103,109,108,117,95.9
Angola,−0.00956,4.44,,0.00555,,0.201,0.512,3.22,0.00175,−0.0191,−0.00513,0,0.0146,0.025,0.0559,0.696,2.47,6.49,6.19,6,6.45,7.14,6.75,8.13,9.91,9.25,12.8,12.8,14.5,14.9,22.9,23,27.7,22.6,33.7,30.4,32.4,24.2,22.1,24.7,18.7,16.9,23.9,27.5,61.5,21.5,8.17,10.6,16.1,9.75,10.1,7.97,9.68,10.9,8.67,13.5,7.08,7.38,5.2,0.646,3.33,7.16,2.74
Albania,,,,,,,,,,,,,,,,,,,,,,,,,,,,,1.77,3.2,3.36,102,126,83.9,50.8,56.7,71.5,53.4,85.9,157,103,87.7,101,115,99.4,105,108,89.5,117,113,125,131,120,93.3,97.3,116,59.5,58.6,120,9.48,109,225,114
UAE,3.12,3.91,2.97,2.56,3.63,0.12,7.47,8.74,5.67,3.63,18.5,16.7,12.2,1.74,1.21,7.46,1.69,49.1,2.09,7.71,4.02,0.3,4.02,3.49,2.54,2.94,23.3,72.8,−7.12,−3.31,1.86,−3.82,−4.6,−4.58,−3.45,2.22,,,,,,,,,,,,,,,,,,,,,,,,,,,
Argentina,2.16,2.64,2.62,1.3,−0.243,−2.58,−0.413,0.394,0.117,0.748,−0.102,0.205,0.0767,0.541,0.626,0.464,0.536,0.614,0.618,1.03,1.56,1.29,1.02,1.17,1.1,1.29,2.39,2.66,4.48,6.25,5.24,8.36,7.92,7.2,4.65,4.23,3.45,2.76,2.03,2.24,2,4.19,2.6,3.06,2.51,2.39,2.88,2.25,3.09,2.84,3.16,2.33,4.22,0.816,1.13,−0.434,0.0597,−0.0264,1.64,0.198,2.25,3.43,8.46
Armenia,,,,,,,,,,,,,,,,,,,,,,,,,,,,,,,,0.753,6.29,31.7,56.8,65.8,89.1,51.2,60.5,66.1,67,65.8,92.3,78.7,80.9,54.9,68.9,85.6,73.6,90.4,105,124,89.5,92.8,88.7,116,109,86.4,47.8,141,42.7,54.7,101
Antigua and Barbuda,,,,,,,,,,,,,,0.155,46.8,32.3,48.8,84.2,56.2,51,85.3,140,76.4,51.9,36.4,45.7,78.6,86.9,133,68.5,73.1,114,72.5,45.7,62.2,33.3,55.6,61.2,138,147,132,113,175,72.3,24.1,101,40.7,61.1,73.2,50.6,230,179,24,18.1,28.7,16.7,2,114,194,300,282,66.5,
Azerbaijan,,,,,,,,,,,,,,,,,,,,,,,,,,,,,,,,0.0413,1.01,3.18,19.6,15.6,12.4,23.5,15.2,21.4,17.5,28.5,42.9,36.7,21.2,25.1,24,18.8,21,19.9,17.3,31.4,30.9,−7.52,22.7,7.21,8.14,12.5,8.79,11.9,12.2,0.963,4.65
Burundi,2.72,2.54,3.81,2.07,2.65,1.55,2.78,3.15,3.84,4.32,5.01,5.99,7.12,7.44,10.1,12.5,11.3,12,18,22.4,26.5,26.4,26.8,28.6,27.9,27.2,37.3,37.5,37.4,37.7,47,45,52.8,38.2,54.4,47.3,18.2,9.29,11.1,11.9,14.4,21,25.2,32.3,49.1,48.2,54.9,48.6,53.5,57.5,66.9,58.9,52,53.5,47.7,33.2,66.1,37.9,38.1,45.2,38.1,46.9,43.3
Benin,0.00795,0.578,1.44,1.61,6.68,6.48,5.3,5.66,4.48,4.38,4.81,9.24,6.25,8.06,9.83,15.7,14.4,13.5,16.2,22.2,22.5,20.1,19.2,19.8,17,20.7,28.8,27.7,31.8,52.3,50.5,48.8,47.9,49,42.1,45.1,45.1,33.6,30.2,30.3,33.9,37.7,28.9,38.2,48,41.4,46,46.2,58.9,61.7,70.4,66.6,48.8,61.7,54.3,38.4,42.8,56.5,46.4,46.6,80.3,63.4,61.4
Burkina Faso,0.0418,0.278,0.9,0.829,3.04,3.35,3.22,3.68,4.21,4.35,3.92,5.04,5.91,9.62,16,14.4,12.7,17,23.8,29,30.2,30.1,28.6,24,23.5,23.6,32.7,31.7,33,29.7,35.6,44.7,45,47.5,42.8,47.2,39.3,33.8,35.6,34.5,15.1,31.8,34.7,41.3,48,50.1,62.7,52.1,53.8,54.7,64.6,58.9,67.1,59.1,61.6,53.2,53.2,44.8,58.1,52.8,80.6,73.2,62
Bangladesh,,,,,,,,,,,,0.219,3.12,5.72,7.01,13.6,6.16,9.44,11.4,13.1,14,11.7,14.1,10.4,11.3,9.8,12.5,15.4,13,13.5,16,14.2,12.9,9.86,11.5,8.43,7.73,6.79,7.56,7.61,7.26,6.71,5.81,9.23,9.95,8.65,7.02,6,7.64,6.49,8.72,9.36,13.9,16.8,15.3,16.3,15.8,23.3,18.6,26.6,32.3,30.4,30.7
Bahrain,0.242,5.45,7.53,3.43,2.99,4.38,46.8,0.233,0.912,0.629,4.23,20.4,11.7,55.8,140,91.3,548,153,256,394,575,528,403,637,509,172,223,19.1,−5.44,−3.54,267,188,155,210,176,179,231,255,330,99.6,94.8,107,86.7,172,70.7,,,,,,,,,,,,,,,,,,
Bahamas,−0.344,,,0.148,0.424,0.473,0.323,4.25,0.294,0.393,0.432,1.31,6.22,2.39,2.53,3.14,2.75,2.14,3.49,3.9,6.11,5.87,5.49,3.64,40.3,2.77,6.37,2.44,5.33,14.5,11.4,9.83,9.9,3.98,3.37,14.6,,,,,,,,,,,,,,,,,,,,,,,,,,,
Bosnia and Herzegovina,,,,,,,,,,,,,,,,,,,,,,,,,,,,,,0.00226,0.00225,0.00224,3.71,18,110,260,220,215,224,311,177,153,133,130,166,132,132,137,114,103,134,167,155,144,177,101,128,128,105,138,133,174,88.6
Belarus,,,,,,,,,,,,,,,,,,,,,,,,,,,,,,,,,,,,,,,,,,,,,,6,7.78,8.94,11.7,10.3,14.4,12.7,10.9,11.3,12.8,11.1,−2.36,−26.4,12.6,22.5,34.7,15,1.77
Belize,19.9,30.1,57.5,41.1,15.3,20.3,23.9,52.5,48.1,57.9,49.3,41.3,32.2,36.9,48.5,66.8,87.4,70.1,131,146,100,76,78.9,96.4,86.9,134,144,137,143,159,166,116,137,160,162,92.2,100,63.3,64.5,203,67.1,90.5,90.9,48.1,24.7,41.9,26.9,71.9,76.8,83.9,75.6,64.1,78.4,150,108,79.3,95.9,91.6,89,91.9,177,195,50.6
Bermuda,,,,,0.215,1.05,1.24,1.21,0.794,0.195,0.192,,0.189,,0.565,0.376,0.564,1.5,2.99,2.8,5.22,3.89,1.29,1.28,1.45,16.9,1.61,4.09,0.705,1.75,733,−81.4,−85.6,−82,−211,−34.9,−68,,,,,,,,,,,,,,,,,,,,,,,,,,
Bolivia,3.6,6.18,8.47,12.2,9.42,8.61,7.15,6.98,9.57,7.41,6.49,6.82,9.94,4.91,10.8,9.23,10.4,12.7,20.9,21.9,24,21.2,18.2,24.9,20.8,24.8,38.3,42.1,59.8,69.4,68,65.6,88.4,72.1,69.8,86.2,94.8,76.9,66.1,61.4,49.5,77.2,67.5,84.3,76.8,58,84.8,43.8,57.3,57.8,55,52.8,62.9,65.7,62.2,71.8,62.3,83.7,63.3,60.7,28.7,42.5,27.7
Brazil,0.547,3.9,2.34,2.34,2.89,2.8,3.73,2.04,2.42,1.49,1.43,1.23,0.943,0.634,1.24,1.23,0.84,0.599,0.772,0.741,0.686,1.83,1.4,0.822,1.16,0.627,1.07,2.08,1.52,1.59,1.17,1.29,−1.53,1.26,1.63,1.63,1.57,1.38,1.54,0.841,1.47,1.43,1.32,1.27,0.976,1.18,0.59,1.74,2.46,1.95,2.4,4.3,6.54,5.82,4.57,4.97,3.32,1.34,2.16,1.31,2.94,5.32,2.74
Barbados,,,,,,,6.53,2.39,3.42,5.21,9.3,18.3,18.8,18.5,14.3,17.2,23,18.6,35.3,25.5,28.3,41.8,33.8,64.2,22.4,23.6,17.6,18.5,7.1,3.84,8.82,8.94,4.92,19.1,11.1,1.95,21.8,22.3,65.5,−2.25,6.87,1.22,18,80,113,−2.34,−3.3,68.9,34,42.9,56.6,,,,,,,,,,,,
Brunei,0.113,5.19,7.55,0.395,0.661,0.722,0.69,0.578,0.238,0.228,0.074,0.363,0.141,0.814,0.983,0.886,0.672,0.473,0.572,0.499,0.161,0.99,1.36,2.15,3.83,6.4,11.2,13.9,18.8,18.4,15.2,13.8,19.9,18.3,18.5,14.7,,,,,,,,,,,,,,,,,,,,,,,,,,,
Bhutan,,,,0.0408,0.0395,0.613,0.185,0.0359,0.486,0.335,0.681,0.439,0.575,1.52,1.73,5.74,8.51,7.4,7.7,11.8,18.6,21.5,24.3,25.9,33.9,40.6,69.9,67.6,64.5,64.7,70.3,92.3,91.6,111,131,127,104,106,92.1,113,78.9,89.4,96.1,114,111,119,138,87.9,99.9,101,139,167,225,189,178,131,69,157,142,234,263,164,249
Botswana,6.65,10.3,9.7,9.64,15.7,17.9,30.9,31.4,28.7,22.8,24.1,29.4,50.5,55.3,53.2,70.7,62.5,59.1,81,110,112,99.5,100,98.6,94.1,85.2,86.7,129,121,124,111,97.7,80.6,91.5,58.3,59.8,48.6,77.4,66.1,37.1,18.3,16.9,21.4,15.8,25.8,26.2,35.5,55.2,371,142,76.1,57.1,34.7,50.2,45.7,29.7,40.5,45,37.3,29,33.4,40.2,36.7
Central African Republic,0.0176,0.242,0.645,1.1,9.13,8.4,8.16,10.5,8.62,9.66,6.86,7.26,11.7,11.5,16.1,23.7,16.5,18.9,21.2,34.4,44.9,40.8,35.7,36.4,51.3,39.9,51.3,67.4,75.4,67.8,86.7,58.5,58.1,54.4,51.4,50.1,49.2,25.9,33.2,31.8,19.8,19.4,15,12.6,26.2,20.7,30.5,40.2,53.9,46.9,58.1,58.9,49.5,43.7,132,105,108,107,131,137,166,129,134
Chile,2.12,14.9,15.9,15.3,12.6,11.7,13.4,9.94,7.97,7.71,5.76,2.74,3.75,3.85,1.44,10.6,0.961,0.974,0.337,−2.64,−0.656,0.0471,−0.0692,0.709,0.946,3.98,0.296,2.26,3.99,5.2,8.12,9.15,9.84,12.7,10.8,11.1,13.3,8.75,7.11,4.65,3.26,3.56,−0.446,5.01,3.34,10.4,5.99,6.42,6.15,4.51,10.6,9.29,7.31,4.55,13.7,3.01,9.77,3.79,,,,,
China,,,,,,,,,,,,,,,,,,,,0.0174,0.0668,0.479,0.519,0.654,0.769,0.893,1.03,1.27,1.74,1.85,1.79,1.67,2.57,2.72,2.63,2.87,2.18,1.68,1.98,1.92,1.39,1.18,1.18,1.06,1.32,1.38,0.968,1.3,1.32,1.11,0.502,−0.449,−0.133,−0.482,−0.69,−0.222,−0.57,−0.709,−0.503,−0.432,−0.406,−0.399,−0.2
Cote d'Ivoire,0.0354,0.884,2.27,2.1,9.13,8.69,7.79,7.09,8.99,9.56,9.72,9.04,8.17,10.2,11.7,14.7,15.2,14.2,17,20.2,25.5,14.4,15.3,16.8,12.7,11.7,16.7,22.2,37.7,33.7,56.3,49.7,57.2,55.6,112,81.6,62.5,27.9,58,26,19.8,10.2,57.2,13.3,8.2,4.55,12,8.89,18.1,101,37.6,62.6,124,53.2,37.7,25.8,23.7,31,35,41.6,54,53.2,65
Cameroon,0.0737,1.36,1.77,1.63,4.98,5.66,8.32,6.33,7.81,5.98,9.19,7.27,9.23,8.7,8.6,14.8,17.8,23,22.4,33.6,31.1,22.5,23.5,13.9,19.3,15.6,21.5,19.6,25.8,41.1,39.2,44.2,59.5,44,57.6,34,30.7,36.3,35.3,29.9,25.3,29.9,38.5,54.8,47,24.4,97.8,105,28.1,31.2,27.5,30.3,28.7,35.1,38.8,29.2,32.3,50.4,47,50.9,53.4,42.4,42.6
"Congo, Dem. Rep.",5.38,5.82,7.53,6.75,7.49,8.15,5.19,5.08,4.03,4.28,4.44,5.18,5.73,6.36,8.03,11.2,8.17,10.7,12.6,16,16.1,14.3,12.2,10.6,9.93,9.77,13.1,20.2,16,20.6,24.4,12.5,6.84,4.37,5.74,4.38,3.67,3.43,2.69,2.77,3.53,4.73,21.9,97.9,33.7,32,36.2,18.1,22.9,29.5,50.8,78,38.9,34.1,30.6,32.1,25,26.3,27.9,30.2,35.2,36.4,31.7
"Congo, Rep.",0.0189,0.175,2.76,4.94,15.1,13.1,20.3,14.7,16.2,12.7,11,11.9,15.5,17.4,23.9,34.4,43.6,28.2,45.9,50.4,49.8,43,48.1,55,48.3,33.5,50.6,63,38.5,39.1,91.2,54.4,45.6,47.9,136,46.1,153,93,22,46.3,10.2,22.6,17,20.1,32.5,386,67.3,25.4,114,63.6,295,56.7,29.6,31.1,21.3,17.4,16.7,20,26.7,31.5,37.5,34.6,117
Colombia,−0.46,3.26,2.95,4.15,2.39,2.19,4.46,4.95,5.95,5.24,6.4,4.88,4.71,5.79,3.81,3.02,2.84,1.65,2.31,1.55,1.62,2,2.26,1.56,1.74,1.79,1.68,2.68,2.57,2.37,3.11,3.97,7.07,3.08,2.62,5.08,5.35,5.14,4.74,8.28,5.18,10.1,11.4,19.9,12.9,15.3,23.5,17.2,22.4,23.9,15,22.4,16.7,18.6,26.3,28.9,23.3,17.7,36.3,17.5,36.9,37.4,36.4
Comoros,,,,,,,27.9,43.3,34.1,26.8,32.3,35,39.3,65.5,98.3,74.9,84.9,39.3,42.3,59.7,128,133,107,102,113,121,115,132,121,102,101,139,103,103,80.3,84.8,78.5,59.5,78.6,42,36,50.6,49.3,43.2,44.6,39,52.9,69,66.7,79.7,107,82.9,149,117,105,90.6,72.5,88.8,118,93.5,165,188,165
Cape Verde,,12.6,,,,,9.53,2.72,,0.0358,,,,,,28.3,77.5,83.3,111,102,191,149,154,166,177,185,295,236,227,226,280,265,296,286,292,277,274,256,295,307,209,170,198,307,300,336,283,292,406,388,641,491,480,479,452,299,225,240,164,296,307,281,159
Costa Rica,3.17,5.15,6.44,5.47,7.51,9.5,7.78,7.62,6.85,7.73,6.56,7.5,8.08,8.17,7.82,9.65,6.27,7.59,15.7,13,10.3,12.6,25.2,86.5,74.8,91.8,64.5,77.6,61.4,74,71.3,57.5,48.5,34.8,25.7,13,−0.058,1.01,7.87,0.893,6.47,3.56,3.25,9.67,6.13,7.65,7.37,14.7,17.4,25.1,22.2,7.71,6.1,6.96,11.4,23.1,20.7,20.2,20.1,11.2,41.4,15.7,126
Cuba,0.0318,0.0257,0.0053,−0.0221,0.0559,0.0722,0.0891,0.0886,0.0764,0.151,0.206,0.276,0.391,0.561,1.62,2.07,4.77,4.66,4.94,4.91,4.62,2.78,3.54,3.69,3.55,4.13,4.08,4.73,5.87,5.4,4.87,3.45,2.3,4.05,4.33,5.82,5.22,5.95,7.26,5.36,4.06,4.9,5.56,6.83,8.85,8,7.29,8.55,11.1,9.96,11.7,7.72,7.59,8.8,23.2,49.5,239,65.3,66.8,44.4,47.3,13.7,12.4
Cayman Islands,,,,,,,,,,,,,,,128,115,145,98.6,206,45.3,87.2,55.3,30.4,19.4,17.1,3.28,88.8,94.9,505,49.4,115,−10.6,0,−15.3,−32.5,−17.4,−59.5,,,,,,,,,,,,,,,,,,,,,,,,,,
Cyprus,41.1,34,26,18.4,8.55,10.5,2.61,2.24,1.51,5.83,9.05,9.14,11,12.1,32,47.2,84.8,142,70.8,44.1,77.1,63.6,44.3,26.3,23.4,50.4,47.1,54.7,57.7,52.4,48.7,49.8,32.3,40.9,52.1,24.8,25.7,,,,,,,,,,,,,,,,,,,,,,,,,,
Djibouti,,,,,,,56.1,80.1,75.7,77.3,81.5,68.6,80.3,109,151,164,122,182,373,76.1,224,188,165,177,266,202,270,232,191,143,357,170,179,219,205,167,150,127,116,104,96.7,77,93.1,97.4,77.9,88.4,135,117,149,172,142,149,154,152,166,170,179,135,167,241,235,157,52
Dominica,,,,,,,,,,,,,,1.28,50.4,110,60.1,68.4,97.8,124,241,202,231,137,225,231,164,224,253,340,282,254,183,128,282,360,621,210,280,144,223,288,433,160,428,307,286,255,305,509,471,354,372,288,231,166,123,281,395,757,952,1180,891
Dominican Republic,0.0551,0.0445,6.35,13.2,6.36,20.8,13.3,14.5,10.4,8.04,7.99,5.39,5.28,4.09,3.35,4.02,4.69,2.83,3.71,8.23,12.4,11.1,16.4,9.98,23.4,26,10.7,17,16,18.8,12.7,10.6,10.7,0.541,7.58,13.7,10.3,7.89,12.9,22,7.14,13.5,18.2,9.54,11.4,10.3,8.03,15.4,18.6,14.5,19.7,24.4,25.8,14.4,16.1,26.8,16.7,11,8.28,12,34,40.3,32.7
Algeria,31.1,37.7,33.7,23.5,18.7,11.8,10.1,8.36,9.08,9.74,8.87,8.58,7.65,8.47,8.48,15,8.86,7.59,10.9,6.15,11,8.69,6.78,4.54,5.69,7.82,7.36,9.1,7.13,6.39,13.1,8.13,14.1,12,10.6,10.4,10.6,8.38,14,4.53,6.47,6.35,5.86,7.44,9.71,10.5,7.16,11.6,9.33,8.23,5.56,5.24,3.91,5.3,4.1,1.78,3.54,4.19,3.4,3.97,4.76,4.79,4.73
Ecuador,1.46,2.49,2.76,3.24,3.69,3.94,4.65,4.83,3.89,2.94,3.1,3.43,2.93,4.38,4.07,5.46,6.2,4.3,4.03,7.31,4.05,4.07,4.65,5.48,7.53,8.5,10.1,19.6,15,13.7,13.8,18.5,20.2,16.6,16.9,16.2,20.2,13.1,14.8,12.3,12.2,13.3,17.8,15.2,13.5,18.6,15.2,16.1,17.1,15.2,11.2,11.8,9.51,9.52,10.3,19.6,14.8,12.6,23.7,29.2,19.6,17,21.1
Egypt,6.63,4.27,6.64,7.12,7.88,4.01,3.1,1.02,0.779,0.293,4.94,3.91,3.86,23.9,36.2,64.7,61.1,64.8,64.6,36.7,31.5,28.7,31.4,30.5,35.9,35,32,32.1,27.1,29,104,90.1,60.8,39.5,41.9,30.9,32.7,29.4,28.2,22.7,18.8,17.4,17.2,13.1,18.9,12.9,11,13.9,20.3,11.2,6.72,4.65,19.5,57.8,36.3,25.3,24,0.319,19.7,15.9,14.3,71.6,51.7
Eritrea,,,,,,,,,,,,0.0235,,0.462,1.56,1.15,,1.43,3.24,2.65,2.91,3.4,2.65,2.59,2.54,,0.542,1.06,1.03,,2.21,,0.556,36.5,80.5,73.2,74,57.4,77.4,67.7,79.2,123,94.7,127,101,131,46.7,46.2,41.1,47.3,55.1,44.5,44.8,26.4,27.2,30.2,21.4,25.1,26.4,82.1,18.6,13.1,16
Ethiopia,0.718,0.957,1.2,1.08,0.675,0.861,1.02,1.08,1.61,1.43,1.43,1.64,1.61,2.2,3.78,4.16,4.3,3.47,4.13,5.57,6.13,6.94,5.43,8.96,9.28,18,15.4,14.7,21.9,15.9,21.2,22,22.4,20.1,19.1,15.2,13.7,9.43,10.4,9.84,10.2,15.9,18.5,22,24.1,24.6,25.2,26.8,32.4,31.6,38.2,37.5,33.9,39.5,35.4,31.2,38.3,37.6,43.9,40.4,44.6,33.3,39.3
Fiji,2.67,2.42,25.1,9.97,7.51,9.23,8.45,5.67,12.2,16.8,13.1,19.7,15.4,26.1,26.2,33.6,39.6,38.4,43,49,55.9,61.1,52,45.8,43.2,43.3,56.4,47.3,68.9,52.9,63.6,57.5,79.9,75.7,49.2,53.6,58.2,54.8,44.9,42.3,34.9,30.8,39.8,59.2,74.9,74.9,62.7,56.7,49.9,73.2,83.3,82.6,115,99.5,103,112,128,159,132,141,212,665,389
"Micronesia, Fed. Sts.",,,,,,,,,,,,,,,,,,,,,,,,,,,,,,,,4.48,126,580,941,667,1020,760,661,921,870,1210,985,1000,763,941,959,1020,837,1120,593,1210,1330,1320,1080,749,466,897,899,839,1550,1170,1340
Gabon,0.039,1.08,5.03,7.64,27.6,23.8,24.3,26.6,23.2,32.1,39.9,39,43.2,61.8,38,91.2,50.1,39.2,61.1,50.2,74.3,56.2,78.4,78.2,90.3,70.9,89.3,90.8,114,138,133,141,66,94.6,165,128,110,32.9,36.8,38.5,9.29,6.6,53.3,−7.9,28.2,34.4,20.7,34.2,39.9,46.9,61.8,39,37.3,45.6,56.2,48.4,19.8,49.3,52.9,51.1,22.9,41.5,54.8
Georgia,,,,,,,,,,,,,,,,,,,,,,,,,,,,,,,,0.0434,4.18,21.3,36.7,44.9,68.9,55.6,49.2,59.4,42.2,73.3,79.7,57.9,80,75.2,92.1,80.7,183,167,156,145,177,174,152,121,124,120,158,132,280,207,101
Ghana,0.422,0.415,0.765,2.4,2.63,5.86,7.7,5.47,7.34,8.2,6.62,6.19,6.2,4.21,3.63,12.1,5.81,8.26,9.97,14.5,16,11.7,11,8.32,15.9,14.2,25.7,28.6,39.3,47.7,36.4,55.7,38,37.8,32.2,37.4,36.6,27.1,37.7,31.9,30.6,32,33.3,46.3,64.9,51.3,53.7,39,42.9,53.8,66.6,69.1,67.3,48.5,40.1,61.7,44.9,42.1,34.8,29.1,69.1,38.1,31.5
Gibraltar,21.5,39.8,19.4,−0.44,21.9,44.4,73.2,109,35.2,52.8,99.5,141,154,227,239,108,105,157,124,229,389,258,108,118,383,1010,735,518,582,16.3,20.6,95.5,117,−0.369,20.9,7.67,−8.73,13.4,7.96,1.08,,,,,,,,,,,,,,,,,,,,,,,
Guinea,0.045,0.699,2.77,6.21,3.7,6.17,3.63,1.98,1.48,3.2,2.4,2.19,1.08,2.49,4.32,5.24,2.2,4.71,12.2,11.2,17.6,20.7,22,12.4,21.9,20.1,29.3,37.4,42.1,58.4,45.3,56.4,64.7,57.6,48.8,55.1,38.4,48.1,44.5,28.8,18.2,33.9,29.3,28.3,30.3,20.9,18.3,21.3,32.1,24,21.3,19,58,41.8,49.1,45.8,47,38.1,51.5,43.1,54.3,43.2,35.5
Gambia,1.36,3.5,6.07,11.9,5.75,9.32,7.66,6.25,11.8,7.2,2.5,6.54,8.79,11.3,17.3,13.2,17.3,32.9,51.2,49.7,73.7,91.2,60.2,50.8,62.7,55.9,113,111,85.8,97.6,92.2,90.5,95,71.4,56.1,35.9,27.7,29.1,28.6,24.3,34.1,35.3,42,40.1,37.8,36.4,43.8,53.1,47.6,58.1,62.9,68.4,68,53.4,46.4,51.2,40.3,121,97.6,77.2,120,96.2,103
Guinea-Bissau,,1.39,,,,,4.96,0.896,,0.12,,0.188,,0.0169,16.4,31.9,35.8,52.6,62.7,64.1,70.1,76.1,73.9,72.5,61.6,62.9,75.9,120,107,120,130,113,105,89.3,160,105,158,107,80.9,43.5,65.7,48.1,46.4,110,57.7,48.3,62.3,75.2,79.9,88.3,82.4,75,48.6,62.3,63.3,53.2,107,60.4,79.9,57.3,73.3,82.1,70.6
Equatorial Guinea,,,,,,,,,,,,,,3.34,53.9,7.57,1.49,3.03,2.13,9.4,32,33.7,43.3,32.4,41,44.4,50.4,126,109,123,127,126,121,99.4,54,58.5,51.9,38.7,34.5,30.3,30.2,17.7,25.3,24.7,32.4,40.2,26.5,31.8,31,29.5,71.5,19.8,11.2,3.44,0.371,5.15,4.59,4.44,4.16,37.6,3.55,7.26,6.2
Grenada,,,,,,,,,,,,,,0.507,18.8,28,27.9,34.4,26.9,29.7,40.7,64.4,65.2,78.1,288,358,247,196,204,148,138,163,127,76.9,229,104,113,84.3,59.1,97.4,157,105,94.3,99,143,479,243,157,279,389,303,107,67.9,110,348,210,74.5,50.6,274,127,598,584,−801
Guatemala,4.09,3.7,2.31,2.38,2.66,2.95,2.14,3.04,3.25,2.57,2.69,2.16,3.34,3.15,3.71,4.91,7.99,6.6,4.89,6.15,6.08,5.45,6.05,7.68,6.37,9.68,15.2,28.7,24.7,27.2,20.6,20.6,20.8,22.4,19.5,19.9,17.3,23.6,20.7,24.6,22.3,19,20.7,20.7,18.2,20.6,37.5,34.1,38.7,26.8,27.7,23.9,20.2,32.3,17.8,25.8,16.3,22.2,23.7,22.7,27.3,29.1,24.5
Guyana,13.3,16.1,14,10.1,8.15,11,13.4,17.1,22.4,26.2,24.2,23.1,17.3,11.1,16.4,13.5,29.3,15.3,34.1,38.3,34.4,66.9,31.5,19.6,12.6,13.9,31.4,31,29.9,52.4,220,171,90,117,90.1,89.8,117,309,98.7,72.8,83.2,83.6,61.9,77.7,133,133,171,99.9,152,137,142,142,154,135,213,42.4,91.7,66.5,132,138,64.6,170,242
"Hong Kong, China",1.87,1.62,0.578,1.59,0.0799,1.18,0.68,0.712,0.347,0.334,0.356,0.897,0.701,0.215,0.235,−0.256,0.593,0.452,0.503,2.42,2.15,1.84,1.51,1.64,2.55,3.75,3.34,3.47,3.93,7.14,6.69,6.27,−6.72,5.13,4.45,2.88,2.05,,,,,,,,,,,,,,,,,,,,,,,,,,
Honduras,2.61,3.46,2.69,3.26,4.64,4.91,3.98,3.49,6.26,4.64,5.07,4.14,5.59,4.64,6.29,11.8,9.06,9.52,14.3,19.5,23.3,22.9,30.9,35.9,51.2,55,60.1,55,62.3,50.5,82.5,58.5,59.7,53.2,45.9,65.3,40.4,45.4,45.5,118,60.8,83.2,55.1,44.6,73.9,86.8,67.7,46.3,51.3,45.1,56.2,42.1,65,70.4,66.9,58.5,43.8,46.1,68.1,45.5,117,60,75.1
Croatia,,,,,,,,,,,,,,,,,,,,,,,,,,,,,,,,,0.00219,,23.6,11.5,29.3,8.9,8.69,10.7,14.7,26.1,30.4,28,27.8,28.6,45.6,37.8,55.9,39.2,30.6,,,,,,,,,,,,
Haiti,2.69,3.62,1.37,0.771,0.967,1.46,1.04,1,1.3,0.91,1.45,1.26,1.46,1.59,2.58,8.15,10.5,12.2,13.7,13.6,16.9,16.8,19.5,19.7,19.1,22.3,28.1,32.7,20.7,27.7,22.7,24.4,14.1,16.6,82.9,86.6,43,35.8,43.9,26.2,21.9,20.1,17.7,21.3,31.4,40.5,57.7,62.4,84,97.4,295,152,126,113,104,99.4,100,90.7,92.8,62.7,79,83.6,77.4
Indonesia,0.941,1.25,1.69,1.13,0.677,0.423,0.823,2.18,2.98,2.92,4.01,4.92,4.06,4.77,5.06,5.07,4.76,3.61,4.41,4.93,6.29,6.32,5.73,4.6,4.06,3.54,4.11,6.96,8.83,9.81,8.68,9.59,10.1,9.71,7.66,6.26,5.21,3.86,6.03,10,7.61,6.66,5.84,7.73,0.428,10.8,5.26,2.45,3.05,2.82,5.37,1.44,0.273,0.272,−1.48,−0.109,−0.409,1.05,3.57,−2.54,4.4,2.26,2.38
India,1.67,1.38,1.48,2.09,2.54,2.62,2.5,2.7,1.77,1.7,1.51,1.8,1.08,1.33,2.06,2.63,2.79,1.54,1.73,2.03,3.18,2.8,2.27,2.48,2.21,2.05,2.52,2.1,2.35,2.09,1.61,3.09,2.69,1.59,2.47,1.8,1.94,1.65,1.58,1.44,1.31,1.6,1.58,0.645,0.685,1.62,1.18,1.04,1.6,1.62,2.28,2.59,1.32,1.9,2.28,2.39,1.99,2.35,1.79,1.84,1.28,2.22,1.99
Iran,1.26,5.87,2.47,1.16,0.176,0.856,0.439,1.21,0.305,0.603,0.719,0.251,0.287,−0.117,0.277,0.045,−0.157,1.08,6.55,0.152,0.707,0.115,−0.0142,0.928,0.163,0.231,0.511,1.33,1.48,1.61,1.82,3.22,1.73,2.29,2.11,3.01,2.62,3.15,2.55,2.47,1.96,1.7,1.68,1.91,2.69,1.4,1.6,1.39,1.33,1.21,1.45,1.35,1.91,1.64,0.996,1.34,1.39,1.65,1.93,2.35,2.68,3.43,3.23
Iraq,0.206,0.0945,0.294,0.673,1.62,1.31,0.482,0.465,0.252,0.456,0.828,1.62,2.18,1.23,0.379,9.56,1.7,6.63,5.8,2.19,0.915,18.8,0.251,0.463,−0.129,1.27,1.76,5.23,0.384,0.626,3.59,31.1,7.55,8.79,12.6,16,16.3,10,5.15,3.25,4.17,4.87,4.36,85.4,169,776,311,324,341,91.7,70.2,59.5,38.7,43.7,37.5,39.5,59.5,73.9,57.1,50.8,56,42,35.6
Israel,49.8,49.1,46.4,47.8,38.8,47.9,42.3,25.7,22.1,19.2,21.2,23.5,27.1,56.8,34.8,135,182,221,244,313,230,195,213,328,302,467,451,286,279,264,294,353,403,241,229,60.5,389,,,,,,,,,,,,,,,,,,,,,,,,,,
Jamaica,,6.03,7.43,2,2.29,5.58,5.7,5.38,8.76,7.15,5.59,9.43,8.78,7.87,10.7,10,9.62,12,54.3,54,51.6,62.8,73.8,76.6,73,72.4,75.5,69,78.8,110,114,68.3,50.7,42.9,49,45.8,24.7,29.9,8.99,−6.65,5.42,22.4,10.8,3.97,32.5,16.3,15.1,11.7,33,55.6,51.3,14.9,10.1,25.7,34.4,21.1,9.56,21.9,35.6,44.3,23.6,20.6,33.5
Jordan,103,102,86.9,83.9,73,62.7,65.3,42.1,33.3,32.9,51.2,39.1,63.7,116,169,259,293,218,227,678,705,537,372,337,264,219,218,212,149,101,263,240,103,71.5,82,114,104,94.2,80.1,82.5,103,81.9,100,230,103,118,89.2,92.9,105,103,131,130,153,175,307,224,273,291,241,252,287,311,176
Kazakhstan,,,,,,,,,,,,,,,,,,,,,,,,,,,,,,,,6.45,0.696,0.889,3.08,3.52,7.22,7.74,13.5,10.9,11.9,9.6,12.1,18.4,17.2,14.1,11.1,16.1,20.6,16.5,12.6,11.8,7.62,5.17,5.21,4.52,3.42,3.19,4.22,2.79,3.8,2.91,3.68
Kenya,2.74,7.92,5.92,6.44,6.32,7.72,5.7,3.63,5.77,5.1,5.04,5.67,5.89,7.52,8.92,9.24,11.1,11.1,16.4,22.5,24.6,27,28.2,22.2,22.1,22.2,22.3,27,39,47.9,51.6,38.8,36.3,36.5,26.2,27.6,21.8,16,14.4,10.5,16.8,14.9,11.9,15.5,18.9,21.1,25.5,32.1,31.9,42,39.2,58,60.5,73.5,57.8,52.3,45.5,50.4,49.6,61.9,76.4,59.7,48.9
Kyrgyz Republic,,,,,,,,,,,,,,,,,,,,,,,,,,,,,,,,,4.67,21,37.9,53.7,44.1,40,41.1,42.1,39.5,26.2,31.8,34.6,40.5,46.1,51.8,39.7,54.2,47.3,68.1,78.9,83.2,93.4,106,128,84.1,73.7,68.1,67.3,70.5,66,105
Cambodia,5.01,4.52,3.89,4.08,2.14,1.6,1.88,2.2,1.58,1.92,2.84,6.08,10.1,21.6,45.4,12.3,0.117,0.0529,0.0518,21.2,51.7,21.3,6.6,6.92,3.73,2.29,2.44,2.53,2.98,3.49,5.6,11.7,24,34.2,32.1,50.5,35.6,28.1,25.6,20.5,27.7,29,31.7,34,30.7,33.7,34.9,42.2,41.2,42.6,47,47,54,53.3,52.1,43.5,46,53.3,48.1,58.6,82.1,80.5,89.9
Kiribati,0.424,5.38,6.46,8.07,5.38,8.05,11.4,26,23.1,24.5,37.9,43.3,70.4,98.2,91.6,92.8,65.6,102,170,151,312,246,239,256,178,178,194,251,222,231,258,250,328,193,178,179,156,187,203,241,191,123,218,172,152,272,255,270,259,236,219,583,585,571,699,556,514,641,656,457,460,568,698
St. Kitts and Nevis,,,,,,,,,,,,,,0.228,82.3,36.7,58.9,47.1,47.4,41.1,145,88.5,75.2,66.8,85.7,106,132,180,343,330,201,186,198,261,149,92.1,159,166,152,107,88.2,221,611,1.95,−1.73,56.2,112,74.5,1000,69.3,245,336,462,638,,,,,,,,,
South Korea,10,8.89,8.91,9.62,6.14,7.68,7.84,8.6,7.77,10.7,8.52,9.87,10.9,8.27,7.27,7.01,6.03,6.51,4.44,3.57,3.64,8.53,0.859,0.191,−0.913,−0.216,−0.426,0.256,0.221,1.22,1.22,1.26,−0.0709,−0.794,−2.56,1.26,−3.27,−3.47,−1.09,−1.18,,,,,,,,,,,,,,,,,,,,,,,
Kosovo,,,,,,,,,,,,,,,,,,,,,,,,,,,,,,,,,,,,,,,,,,,,,,,,,,436,295,325,314,313,320,245,208,219,192,193,304,254,216
Kuwait,,−0.463,−6.44,−2.36,−1.86,−2.46,−2.51,−2.29,0.0145,0.44,0.433,0.59,0.641,0.399,0.366,0.299,0.161,0.405,0.701,0.822,6.81,5.94,3.52,2.96,2.46,2.22,2.51,1.65,2.78,2.13,7.63,8.7,3.99,1.21,2.69,2.52,,,,,,,,,,,,,,,,,,,,,,,,,,,
Lao,15.7,23.8,14.1,16.1,19.7,28.7,28.5,29.8,23.6,25.6,25.9,26.3,23.8,25.7,20,11.9,9.19,10.1,21.8,16.2,13.7,12.4,11.6,8.93,9.2,9.56,10.5,13.7,17.2,25.5,24.3,24.6,31.4,33.1,39.8,50,49.2,47.2,40.4,47,43,37.1,41.8,44.5,40,41.1,51.5,51,68,54.9,61.4,57.9,63,64,70.8,69.3,57.8,68.4,82.6,85.9,72.1,77.2,72.5
Lebanon,7.47,6.92,4.82,4.15,1.46,3.8,3.92,3.93,8.41,3.96,8.37,2.48,5.98,4.52,52.8,5.31,14.4,49.2,82.5,42.8,101,151,61.2,40.7,24.5,25.6,18.9,29.9,41.7,33.4,79.5,34.1,29.4,36.7,58.6,48.3,58.3,63.6,81.5,45.7,46.5,45.2,45.7,118,58,49.4,172,202,217,110,88.3,93.3,136,108,129,149,179,212,238,213,249,245,248
Liberia,8.71,23,66.1,27.8,12.5,27.3,28.7,18.9,11.7,11.5,8.79,8.48,8.37,6.5,8.94,12,15.4,18.5,25.6,42.9,50.3,54.5,53,55.6,60.1,40.4,41.9,32.9,26.2,23.9,51.1,80.6,57.7,56.8,29.5,56.8,77.4,31.4,27,33.3,23,12.8,17.8,34.2,67.6,67.3,74.7,80.4,326,119,349,181,130,120,164,235,172,130,120,115,127,115,90.2
Libya,28.7,23.6,19.8,15.5,10.6,4.37,1.08,1.06,3.52,3.61,2.06,1.56,3.18,5.32,4.66,0.603,2.56,2.19,1.69,1.06,3.54,1.3,28.9,1.41,1.23,1.34,2.67,1.48,1.3,2.25,1.88,1.65,0.707,0.606,0.819,1.19,0.756,0.786,1.08,0.901,,,,,,4.07,6.27,3.18,11.9,6.29,1.17,101,14.1,20.4,32.7,24.1,27.1,64.1,44.3,42.3,42,48.2,36.5
St. Lucia,,,,,,,,,,,,,,0.837,68.4,79.7,64,38.6,32,18.1,72.3,94.7,66.3,55.1,44.5,54,88.8,80.4,133,137,89.3,166,192,178,216,325,256,167,40.1,164,69.9,102,206,95.5,−132,64.6,112,93.4,92.6,227,241,205,155,146,111,78.7,86.7,87.2,48.4,181,551,560,187
Sri Lanka,1.15,1.13,1.29,1.04,0.834,1.37,2.67,4.07,4.43,4.15,4,4.39,4.34,4.24,5.78,10.4,11.6,12.5,20.8,21.2,25.7,24.2,26,28.6,27.7,28.2,32.3,27,35.5,33.3,37.7,44.8,30.5,32,29.7,26.8,19.4,13.9,17.3,9.61,11.5,13.6,12.6,26.4,20.3,51.4,33.7,21.1,26.6,22.4,26.8,29.2,23.2,19.6,23.7,21.2,17.6,14.7,−11.4,8.79,9.95,6.96,0.498
Lesotho,2.12,5.46,7.58,7,6.82,11.1,14.2,15.1,13.9,13.3,9.55,15.7,12.7,12.3,17.6,23.5,22.8,28.4,37.2,47.4,66.2,71.3,61.9,69.2,62.4,56.7,51.2,61.6,62.6,75.8,76.9,66.9,76.4,75.2,60,57.7,52.3,46,31,15.8,18.5,27.8,38.6,39.9,48.4,35,36.6,60,63.4,56,128,127,136,156,51.5,41.1,52.6,67.5,70.4,63.5,76.4,79.2,67.1
"Macao, China",10.3,6.92,,5.6,,,1.29,0.538,0.659,0.274,0.816,0.97,0.367,0.494,0.125,0.084,,,,0.085,18.5,0.0408,2.83,2.08,1.59,1.45,1.22,0.456,1.11,1.02,0.687,0.341,0.35,0.469,0.731,−9.8,0.771,0.863,1.18,0.749,,,,,,,,,,,,,,,,,,,,,,,
Morocco,5.14,9.33,6.51,7.51,7.86,8.05,7.22,4.45,6.46,5.27,5.66,8.53,6.37,5.77,6.86,15.7,14.3,33.6,23.2,28.3,59.7,52.2,41.4,21.2,15.7,39.2,18.9,18.5,20.6,20.8,50.9,61.8,37.8,30.5,26.3,19,24.2,17.3,19.2,24.3,15.7,17.1,12.5,19.8,26.1,24.1,35.8,39.1,46,32.9,30.4,43.8,44.1,59.4,65.5,43.9,58.9,68.5,22.8,20.8,50,26.1,37.9
Moldova,,,,,,,,,,,,,,,,,,,,,,,,,,,,,,,,,,,,,,22.2,13.6,36.6,41.9,40.9,49.1,41,41.4,58.7,78,77.9,95,78.1,165,161,166,122,181,110,93.5,88.3,95.9,128,199,230,350
Madagascar,0.518,0.284,0.927,1.5,8.39,8.73,7.98,7.11,7.71,7.03,7.19,6.83,7.73,7.2,8.36,10.6,7.69,7.37,10.7,15.7,25.5,25.1,25.1,18.4,14.8,17.7,28.9,29.9,26,29.7,32.9,36.6,28.2,27.4,21.2,21.3,24.4,55.9,31.3,22.6,19.6,22,21.3,30.2,67.3,47.8,39.8,33.9,30.2,18.5,21.5,19.6,15.7,20.7,23.7,26.6,23.8,29.1,27.5,26,44.9,36,32.9
Maldives,0.329,2.78,5.01,3.05,2.78,1.15,18.3,3.29,2.5,1.42,1.95,6.69,4.89,4.3,4.39,22.7,20.4,24,51.9,39.2,127,74.7,30.2,55.4,28.1,44.7,77.3,75,120,124,69.6,117,130,108,110,205,101,87.7,91,110,64.3,77.8,73.8,57.3,88.3,236,109,91.6,148,70.4,245,133,147,54.2,54.5,56,51.2,101,278,146,620,218,227
Mexico,0.211,2.24,0.949,0.0757,−0.544,1.13,0.812,0.781,0.569,0.44,0.589,0.321,0.392,0.237,0.385,0.367,0.338,0.297,0.271,1.02,1,1.62,2.13,2.08,1.27,2.01,3.52,2.26,2.24,1.41,2.15,3.44,3.94,5.09,5.04,4.52,3.3,1.21,0.314,0.473,−0.41,0.988,1.33,1.12,1.3,1.89,2.29,1.03,1.34,1.67,4,8.39,3.49,4.75,6.8,2.65,6.62,6.12,4.41,4.17,6.26,4.42,3.85
Marshall Islands,,,,,,,,,,,,,,,,,,,,,,,,,,,,,,,,6.14,120,640,971,692,1430,1070,854,1180,936,1320,1080,1010,964,1080,1060,1020,1020,1180,479,1630,1630,1850,1120,1170,263,1560,1200,1500,4290,2590,3500
North Macedonia,,,,,,,,,,,,,,,,,,,,,,,,,,,,,,,,,,1.65,52.3,39.4,52.4,49.2,52.3,137,124,122,136,132,131,113,101,104,107,103,99.8,99.3,76.5,102,111,112,88.3,79,90.2,74.5,152,184,122
Mali,0.0148,0.445,1.72,1.26,3.01,3.72,4.23,2.87,4.58,3.76,3.52,4.68,5.83,10.7,17.3,21.1,12.5,15.5,21.7,25.4,35.4,29.6,26.6,27.2,38.9,45.2,44.4,41.5,49.3,49.7,52.2,48,45,37.9,44.2,53.1,47.1,40.3,31.8,31.6,24.9,29.5,34.2,43.8,44.7,53.5,62.1,60.2,57.2,53,68.5,77,58.7,80,68.6,64.6,62.8,68.6,76.2,86.2,72.1,64.2,51.9
Malta,37.8,30,27.3,53.4,61,51.9,55.3,51.7,54.7,49.5,64.6,53,49.7,91,71.3,111,99.2,102,127,165,50.3,155,77,133,34.5,54.5,20,−4.15,−8.15,−14.9,15,59.9,12.6,83.1,113,24.4,190,58.5,56.8,64.8,54.4,4.33,27.9,,,,,,,,,,,,,,,,,,,,
Myanmar,1.64,0.963,1.26,1.81,0.9,0.705,0.676,0.505,0.597,1.08,0.847,1.47,1.56,2.43,2.25,1.81,2.12,2.93,6.76,10.5,8.86,7.69,8.16,8.01,6.76,8.51,9.99,8.28,10.4,3.81,3.88,4.32,2.79,2.49,4.21,3.77,1.15,1.4,1.64,1.81,2.33,2.75,2.57,2.68,2.62,3.05,3.05,4.07,11,7.32,7.24,7.69,10.1,78.3,27.3,22.9,29.8,29.7,32.7,38.8,54.1,28.2,18.7
Montenegro,,,,,,,,,,,,,,,,,,,,,,,,,,,,,,,,,,,,,,,,,,,,13.3,32.8,6.28,155,159,144,116,129,204,166,189,161,161,138,190,251,154,330,215,166
Mongolia,,,,,,,,,,,,,,,,,2.22,2.16,2.1,2.05,1.41,1.38,1.34,1.09,1.13,2.69,3.31,2.31,1.84,2.87,6.22,32.1,46.5,49.4,71.4,68.8,73.1,80.1,73.9,74.9,77.7,75.8,75,86.1,87.5,77,71.1,73.4,80.8,91,105,121,157,149,107,78.1,105,243,104,95,211,83.3,82.9
Northern Mariana Islands,572,668,864,1770,1120,1770,1700,1880,2860,4620,4740,4730,4530,4730,5140,5400,5800,5800,6270,6770,6190,6870,7240,5370,6720,5250,7040,5180,3950,3840,1440,632,164,1940,49.2,−14.5,−30.4,12.2,3.26,1.82,,,,,,,,,,,,,,,,,,,,,,,
Mozambique,0.00298,0.525,0.0129,0.0239,−0.00551,,0.906,2.33,0.00253,0.00372,0.0097,0.0142,0.0149,0.0123,0.0747,2.13,7.08,7.8,9.8,13,14.7,12.1,17.3,17.1,20.6,23.6,32.9,51.9,71.6,62.4,76.2,79.8,107,83.8,79.8,66.6,53.8,55.9,60,46.2,50.1,51.9,117,54.1,62.7,63.5,79,71.5,78.5,80.4,84.5,87.3,85.1,92.3,81.7,68.5,56.1,64.1,62.8,61.6,83,72,78.4
Mauritania,0.0485,1.19,2.58,1.81,13.1,9.83,22.3,12.4,20.3,11.1,6.83,12.9,11.4,25.7,79,65.1,157,131,172,119,119,147,120,112,104,122,132,108,98.6,132,121,108,95.6,155,120,99.6,115,99.1,67,87.6,85.6,106,133,93.1,67.9,64.2,71.8,89.7,129,103,110,109,113,78.9,67.7,83.1,75.2,69.3,103,88.8,140,90.7,67.2
Mauritius,0.783,8.08,6.13,8.08,2.92,2.91,5.7,6.61,12.1,6.65,7.28,11,12.4,15.9,28.4,31.9,18.8,24.3,46.9,33.7,34.3,59.4,48.1,40.1,33,26.1,52.5,60.4,54.9,57.4,83.4,62.9,42.1,24.4,13.3,21.2,17.9,36.6,34.8,35.6,17.5,17.8,19.8,−12,26.9,28,15.5,56.3,87.9,126,99.6,148,141,116,35.4,62.1,33.5,11.6,54.7,17.6,265,232,60.4
Malawi,1.15,2.22,3.05,4.22,8.15,8.28,7.55,6.98,10.6,6.08,7.93,6.63,7.42,5.92,8.05,11.9,11.3,14.1,16.9,23.5,22.5,21,17.7,16.4,24.7,14.8,24.6,33.3,42.9,45.5,52.4,55.8,57,48.4,46.3,42.9,47.6,32.6,40.3,40.4,39.6,35.5,32,42.7,40.6,44.7,54.8,49.1,62.4,48.1,68.6,52.3,74.5,70.1,56,61.4,70.7,84.3,69,61.4,74.5,58.8,65.4
Malaysia,1.67,2.32,2.6,1.48,1.95,2.45,3.25,2.43,2.64,3.1,2.59,4.05,4.69,4.04,6.1,8.56,5.32,5.85,6.46,9.87,10.4,10.7,9.74,12.3,22,14.9,12.1,22.2,6.07,7.94,26.2,15.7,10.7,4.87,3.31,5.25,−21.9,−11.2,9.21,6.5,2.12,1.25,3.71,4.47,11.8,1.13,9.14,7.49,5.67,4.97,−0.214,1.4,0.618,−3.76,0.649,−0.0192,−1.63,−0.904,−1.05,−0.0876,−0.153,0.42,0.141
Namibia,,,,,,,,,,,,,0.0249,,,,,,,,,,,0.00964,,4.8,12.9,14.2,18.3,45.4,87.4,127,97.4,101,88.1,119,113,97.8,104,101,83.8,59,71.4,77.4,90.3,57.7,75,109,100,159,124,130,115,116,97.8,60,69.8,76,61.9,54.4,66.1,65,113
New Caledonia,,,,,,,180,118,156,157,209,334,458,594,472,471,327,540,786,1000,1320,992,1040,1170,828,907,1270,1710,1550,1640,1710,1710,1920,2070,2090,2250,1930,1620,1580,1440,,,,,,,,,,,,,,,,,,,,,,,
Niger,0.0114,0.552,1.18,1.18,3.78,3.74,5.3,5.14,6.96,7.38,6.78,8.56,8.82,14.1,26.1,25.8,23,16.9,26.8,29,27,30.3,39.5,25.9,22.8,41.8,41.4,46.9,47.7,37.1,46.8,43.2,40.5,37.2,39.7,28,25.1,32.1,27.2,16.8,18.2,21.7,24,37.6,41.4,38,38,31.4,36,27,44.8,37.5,50,43.1,47.8,43.6,46,57.1,59,62.7,81.4,73.8,80.4
Nigeria,0.724,0.661,0.66,0.432,0.918,1.5,1.34,1.39,1.29,1.56,1.92,1.87,1.42,1.27,1.18,1.28,0.794,0.625,0.579,0.36,0.466,0.516,0.446,0.581,0.392,0.374,0.666,0.755,1.28,3.64,2.63,2.59,2.53,2.74,1.76,1.9,1.66,1.71,1.7,1.24,1.38,1.29,2.24,2.26,4.1,44.1,76.7,10.7,6.1,7.18,12.3,10.6,10.9,13.9,13.3,12.8,12.8,16.8,16.1,15.6,15.8,16.1,19.9
Nicaragua,4.67,5.11,3.94,3.99,4.62,4.46,5.91,5.11,4.97,6.89,9.24,6,4.28,10.5,11.1,9.65,9.13,7.92,9.35,26.2,56.4,28.6,28.2,26.6,28.9,27.2,38.6,37.4,55.5,59.5,79.2,188,140,71.2,118,123,187,73.6,103,121,99.9,162,80.8,141,210,123,115,123,114,105,89.1,92.2,90.2,82.9,71.2,74.5,69.1,89.1,55.3,59.9,70.2,113,167
Nepal,0.851,1.04,0.859,1.51,1.78,1.6,1.35,1.22,0.915,0.891,1.88,1.8,2.23,2.44,2.11,2.88,3.03,4.9,4.74,8.36,9.69,10.3,10.9,10.5,9.21,10.8,14.6,17.7,19.7,21.8,18.3,18.7,18.9,14.1,17.7,17.1,14.6,13.6,13,12.1,12.7,13.9,13.2,17.6,16.5,15.5,17,18.7,20.4,21.8,28.1,27.3,28,31.7,31.9,44,38.1,45.3,51.7,46.9,60.7,54.2,40.7
Nauru,,,,,,,,,,,,,,,,1.43,,1.4,,2.68,3.92,3.83,2.49,3.65,3.58,5.85,4.58,6.71,19.6,5.32,16.6,38.6,40.9,41.6,1100,249,319,257,208,643,393,717,1160,1600,1370,919,1750,2560,3120,2340,2770,3720,3470,2730,2100,2850,2030,2270,3270,4690,2430,2880,3010
Oman,0.471,0.611,0.8,0.642,7.09,3.14,1.04,1.53,0.0795,0.062,0.106,3,14.1,31.3,227,180,209,425,67.3,257,219,238,122,60.3,85.3,58.5,73.5,29.9,3.21,14.7,38.7,7.07,20.4,64.1,74.7,35.4,38.4,45.8,250,23.6,34.9,3.6,32.9,27.2,41.7,7.74,21.5,83.3,28.4,8.12,−7.84,,,,,,,,,,,,
Pakistan,5.55,5.39,7.89,9.82,10,9.56,7,8.78,6.88,5.61,6.99,6.89,4.79,4.31,6.95,10.5,14.1,8.03,8.28,8.89,14.1,9.35,9.76,7.19,6.56,6.8,7.95,6.35,10.7,10.6,7.82,9.52,6.85,6.5,9.08,3.72,4.96,4.79,5.63,4.08,3.55,11.2,12,6.24,7.75,8.42,11.5,6.02,5.64,7.13,14.7,18.2,9.71,10.4,16.9,17.3,13.5,10.6,6.11,8.71,11,12.2,7.55
Panama,11.8,8.75,9.7,15.1,8.59,25,14.7,12.2,9.02,11.2,10.4,12.5,8,13.6,9.46,12.8,16.6,13.3,11.2,10.4,12.4,12.1,13.8,15.2,29,22.3,15.7,16.6,9.65,8.32,40.6,44.5,76.9,30.9,14.4,17.1,20.9,19.4,11.1,8.25,8.95,11.3,9.52,11.5,9.53,8.58,11.5,−37.1,10.1,18.7,35.7,30,13.7,2.41,−49.7,2.59,5.61,10.2,9.39,16.6,33.7,21,29.6
Peru,−0.96,−1.62,0.684,0.855,1.76,4.73,3.59,3.54,2.6,2.51,3.24,2.77,2.61,5.49,4.55,4.21,4.69,5.48,8.04,11.3,10.7,11.4,8.71,13.3,14,15.6,13.5,14.4,13.3,14.4,18,29.6,19,24.6,14.5,15.9,13.4,15.9,19.1,17.5,15.5,17.1,18.2,18.5,17.2,16.6,16.2,11.3,16.5,15.3,−10.3,20.2,13,12.2,10.9,11,10.4,−0.0402,14.1,14.1,14.9,9.16,24.8
Philippines,1.85,0.66,1.03,0.716,2.31,2.83,1.35,2.5,1.83,2.2,1.22,1.85,4.14,5.49,3.72,4.19,4.23,4.04,5.43,5.69,6.07,7.54,6.4,7.96,7,8.24,15.7,12,13,12.6,18.2,14.8,24.8,20.6,14.6,12.2,11.9,8.54,7.82,8.52,6.94,6.8,6.66,8.55,5.38,6.68,6.65,7.06,0.947,3.66,6.05,−1.38,−0.0336,1.88,6.53,4.89,2.66,1.48,5,8,13,14.4,14.1
Palau,,,,,,,,,,,,,,,,,,,,,,,,,,,,,,,,,0.625,0.611,12k,8280,3570,2120,4810,1530,2040,1770,1610,1310,998,1190,1910,1160,2220,1870,1560,1360,870,2010,1330,784,1000,1240,4750,1400,3720,2780,3130
Papua New Guinea,0.00501,0.00489,,0.00467,,36.9,37.4,42,46.1,48.6,58.9,56.3,73.8,72.5,95.5,108,82.1,85.5,96.9,91.8,102,99.9,93.8,97.1,92.7,72.6,72.1,86,98.1,85.9,95,85.6,104,65.5,66.7,77.2,78.8,67.9,69.4,39.7,49.7,36,34.4,36.4,41.4,41.1,40.6,47.7,42.9,53.3,67.4,78.4,82.9,79.2,68.3,67.6,59.3,58,84.1,67.6,108,118,64.8
North Korea,,,,,,,,,,,,,,,,,,,2.82,,,,,,,0.281,0.273,0.812,0.441,0.399,0.366,0.402,0.487,0.637,0.253,0.595,1.12,3.83,4.52,8.55,3.11,4.95,11,5.44,6.63,3.58,2.25,4.04,8.33,2.62,3.15,4.72,3.88,4.31,6.03,5.14,4.66,5.16,4.65,5.15,4.78,0.767,0.487
Paraguay,5.28,5.25,1.61,4.31,4.18,4.37,4.26,5.46,4.62,6.01,5.54,6.6,5.93,5.72,8.3,6.13,8.04,11.3,10.3,8.21,9.96,14,22.4,13.3,12,9.54,14.6,16,16.9,23.6,14.5,32.2,16.9,24.4,20.2,26.5,15.4,17.1,12.4,14.8,15.7,13.3,12.5,12.3,6.41,11.7,12.5,22,24.9,28.8,19.6,13.8,17.7,21.8,10.3,9.77,14.2,22.5,25.6,19.6,46.1,26.2,14.3
Palestine,,,,,,,,,,,,,,,,,,,,,,,,,,,,,,,,,,79,199,208,213,227,221,204,234,333,316,330,359,306,399,491,688,704,664,627,504,638,596,438,550,482,503,490,423,439,443
French Polynesia,,,,,,,135,147,171,168,173,167,226,400,290,535,562,585,617,950,1020,908,1040,1040,975,950,1330,1550,1700,1450,1270,1500,1540,1550,1680,2030,1790,1600,1590,1490,,,,,,,,,,,,,,,,,,,,,,,
Qatar,,,,−0.397,,,0.139,0.123,,0.388,0.516,0.761,1.37,1.85,2.88,3.99,6.03,3.73,0.579,0.657,1.96,2.9,2.76,3.18,3.82,5.08,6.15,7.13,4.45,11.7,6.75,6.33,6.22,7.78,6.45,7.27,,,,,,,,,,,,,,,,,,,,,,,,,,,
Rwanda,2.49,2.31,3.47,2.06,2.17,2.39,3.38,3.7,4.29,4.57,5.46,6.13,7.13,8.93,10.4,19.6,16.6,19.4,24.7,28.4,28.8,27.7,26.3,25.2,26.7,28,31.4,35.4,35.1,31.4,39,47.7,45.4,44.3,105,122,69.4,29.6,43.3,45.8,39.1,36.8,42.8,39.1,55.7,63.3,65.1,64.8,81.1,81.5,100,119,81.1,97.9,91.1,93.6,96.5,101,89.7,91.4,124,99.6,78.9
Saudi Arabia,3.29,−0.0752,−3.91,−0.93,−0.152,0.119,0.105,0.136,0.152,0.398,0.41,0.513,0.571,0.665,0.835,0.656,0.37,1.32,1.14,1.88,2.12,3.96,6.79,5.84,4.56,3.37,3.5,2.34,1.94,1.34,1.38,1.24,4.26,2.38,1.31,1.28,1.02,0.096,1.11,1.43,1.36,0.769,0.937,0.734,1.03,1.22,1.13,−5.86,,,,,,,,,,,,,,,
Sudan,3.3,1.67,1.1,1.65,2.11,2.99,3.7,1.4,2.95,0.787,0.666,0.735,5.08,2.85,15.4,20.9,18,20.2,24.1,42.4,39.4,35.5,40.6,50.1,31.5,56.5,46.1,43,44,34.4,38.5,38.6,23.4,19.1,17,9.62,8.64,5.39,7.98,9.08,8.1,6.74,10.4,20.7,32.5,58.4,64,64.7,76.4,67.7,57.2,48.2,37.1,39.9,22.5,24.2,19.6,20.2,21.9,33.7,50.2,79.5,31.6
Senegal,0.0389,0.0698,3.63,3.07,15.4,12.3,11.1,11.8,11.7,12.7,9.52,11.6,10.2,16.1,27.5,27,22.2,22,38.2,53.3,44.7,65.8,46.2,51.6,55.7,43.5,84.4,93.8,82.3,94.7,105,79,81.1,58.7,73.7,73.7,63.3,45.7,52.8,55.1,43.4,41.5,42.5,42.7,97.2,62.4,75.6,62.2,77.4,71.7,74.1,81.4,80.8,72.5,78.3,59.6,48.6,58.7,62.8,87.9,96,80.7,82.3
Singapore,−0.14,0.00587,0.583,0.345,0.244,1.21,1.22,3.74,2.29,7.49,13.8,14.6,13.8,11.5,9.34,5.18,4.8,5.29,2.82,2.32,5.75,8.64,7.78,5.42,14.8,8.56,10.8,8.45,7.76,32.4,−0.571,2.48,6.17,7.13,4.93,4.73,,,,,,,,,,,,,,,,,,,,,,,,,,,
Solomon Islands,13.2,14.1,15.8,19.7,19,27,33.1,36.5,39.8,43.2,46.6,39.1,67.9,61.3,61.6,111,93.3,76.7,118,106,172,113,103,96.9,67.3,67.5,94.7,174,168,142,126,108,126,147,125,124,108,103,68.3,93.1,155,132,57.2,133,256,407,406,476,442,398,625,593,532,487,325,297,265,272,276,307,288,347,324
Sierra Leone,2.96,6.5,3.24,4.11,4.15,7.1,4.06,2.92,4.11,3.31,2.44,3.77,3.62,4.91,3.53,5.59,4.29,8.19,12.5,16.5,27.7,17.8,24,18.6,16.3,17.5,24.3,17.2,25.8,24.5,14.1,24.3,31.9,49.7,65.6,50.8,43.5,27.7,24.8,17.1,40.8,71.3,77.1,65.1,70.2,61.8,67.6,89.1,55.7,67.9,73.6,66.4,67.1,66.9,133,135,96.2,73.3,67.3,73.2,106,87.7,63.2
El Salvador,0.48,2.93,2.21,3.89,4.09,4.54,6.37,4.3,3.11,3.55,3.84,2.78,4.13,3.13,2.38,4.1,4.08,6.02,7.66,8.3,18.5,25.9,40.4,53.1,49.6,66.5,65.9,82.8,76.4,71.9,60.8,49.5,64.9,60.3,47.8,48.5,47.2,45.5,31.9,33.5,32.4,42.4,41.7,35.2,39.5,36.4,29.7,18,40.5,48.5,49.8,48.8,36,27.6,15.9,14.5,20.8,24.4,40.8,48.7,55,34.1,113
Somalia,7.46,7.86,7.84,9.79,6.81,8.75,14.9,4.17,8.99,9.05,7.39,7.97,7.55,12.6,19.5,38.8,23.2,52.4,54.6,50.3,80.9,63.9,78.9,55,54.1,52.4,72.6,81.2,59.7,58.9,72.7,27.4,101,134,76.2,25.8,11.7,10.4,9.97,13.6,11.6,16.2,16,17.8,19.6,22.6,36.1,34.8,65.7,55,41.2,89,79.5,81.9,83.2,91.3,82.5,118,102,107,183,139,109
Serbia,,,,,,,,,,,,,,,,,,,,,,,,,,,,,,,,,,,6.46,12.5,9.12,12.8,14.3,93.8,151,174,278,175,155,144,213,106,127,82,90.7,191,151,109,51.5,44,89.7,240,153,81.3,70.8,78,76.5
South Sudan,,,,,,,,,,,,,,,,,,,,,,,,,,,,,,,,,,,,,,,,,,,,,,,,,,,,42.4,110,125,175,151,147,213,156,161,170,195,188
Sao Tome and Principe,1.62,14.7,,,,,14.6,5.16,2.81,,,,,,,9.69,131,33.3,42.4,30.6,38.8,59.6,96,111,105,112,111,151,209,371,440,406,440,356,376,623,346,241,199,193,243,261,174,246,214,202,139,282,221,165,276,396,268,278,210,245,231,194,248,238,424,325,235
Suriname,33.4,37.9,31.6,46.4,37.7,51.5,11,11.4,50.4,47.9,66.5,69.2,88.6,74.8,122,134,266,233,171,250,218,257,269,10.1,13.2,24.5,34.1,47,52.5,124,148,104,191,186,142,179,247,168,127,72.4,73.1,48.8,24.8,22,48.3,82.6,120,283,186,284,183,137,71.7,54.2,23.3,27.5,28.1,33.9,23.7,38.7,44.4,46.6,87.9
Slovenia,,,,,,,,,,,,,,,,,,,,,,,,,,,,,,,,,,3.58,16,26.4,41.3,48.7,20.1,15.7,30.6,63,26.5,,,,,,,,,,,,,,,,,,,,
Eswatini,24.6,32.4,18.8,17.6,33.7,39.2,26.6,23.4,18.8,22.8,13.6,4.55,18.7,21.8,29,28.5,25.4,50.8,77.8,84,80.7,57.1,41.3,49.1,42.5,33.9,44.8,57,47.8,35.4,61.5,58.3,59.4,55.8,59.5,59.5,33.4,28.3,34.3,28.3,12.6,27.7,20.9,32.1,20.4,43.3,32.1,46.7,64,50.7,82,111,79.7,104,76,81.1,128,127,104,59.8,88.4,104,79.3
Seychelles,26.4,23.3,11.1,14.2,20.3,32.6,19.1,44.9,48.1,24.6,75,142,156,140,147,126,122,176,263,401,340,263,281,238,232,338,435,353,300,283,512,323,275,273,176,175,252,222,309,166,291,165,692,113,129,208,162,71.5,86.1,265,601,260,394,305,131,72.6,61.3,169,,,,,
Syria,3.93,3.36,5.04,0.53,0.892,0.602,3.62,1,0.873,1.78,3.42,3.29,7.99,60.3,106,110,102,128,110,237,214,196,121,90,62.8,57.4,66.1,69.6,16.1,10.2,70.2,41.3,14.7,18.7,52.4,24.4,14.4,12.8,9.86,14.1,9.6,9.01,3.6,6.62,5.81,3.78,1.01,4.1,7.36,5.54,5.83,14.7,73.4,168,206,253,464,542,510,497,477,448,369
Turks and Caicos Islands,,,,,,,,,,,,,,,384,503,565,503,392,318,448,894,1240,775,754,583,894,922,732,784,992,1420,1140,799,1100,369,265,255,350,411,355,341,199,101,138,217,−16.7,586,,,,,,,,,,,,,,,
Chad,0.00984,1.05,1.74,1.72,5,5.41,5.52,5.65,6.07,6.5,6,7.99,7.91,11.4,19.2,16,14.3,18.8,27.9,18.8,7.75,13.2,13.5,17.6,22.1,35.1,30.5,37.1,46.3,43.1,51.9,42.3,36.6,33.7,31.3,33.2,39.9,29.7,22,22.9,15.4,21.4,25.1,26.6,33.5,37.4,27.2,30.9,41,46.6,39.8,35.9,36,33.6,27.6,41.4,41.3,41.5,54.2,38.5,60.2,41,37.6
Togo,0.0658,1.72,2.61,3.77,8.28,7.21,6.32,7.07,9.1,8.07,7.55,8.31,9.06,10.5,15.4,16.2,16.2,23.7,36.8,38.5,31,20.7,24.5,34.4,32.5,32.2,48,33.2,54.5,51.3,64.6,48.4,52.5,22.8,29.5,43.4,33.9,26.5,26.4,14.3,13.5,8.73,9.45,9.02,11.4,14.1,13.3,19.8,44.4,74.4,59.9,78.4,34.5,31.1,28.2,26,21.4,42.8,40.8,47.7,64.8,39.5,47.3
Thailand,1.63,1.06,1.33,1.24,1.05,1.58,1.38,1.82,1.91,1.95,2.06,1.7,1.41,1.56,1.77,2.06,4,3.06,5.84,8.69,9.11,8.69,8.08,8.64,9.14,8.89,8.83,8.82,9.97,12.7,14.5,12.8,13.1,10.1,9.92,14.2,13.9,10.3,11.4,16.3,11.1,4.47,4.63,−14.5,0.792,−2.49,−3.22,−4.53,−9.05,−0.413,−0.297,−1.94,−1.89,0.412,5.05,0.832,3.21,3.52,−5.87,−4.92,2.76,1.85,7.72
Tajikistan,,,,,,,,,,,,,,,,,,,,,,,,,,,,,,,,,2.1,4.53,11.4,10.9,17,14,26,18.1,17.8,25.4,23.7,20,33.7,32.7,29.3,21.9,28,33.6,50.7,36.1,49.2,47.5,42.3,50,40.6,36.1,43.4,38,73.3,55.8,57.8
Turkmenistan,,,,,,,,,,,,,,,,,,,,,,,,,,,,,,,,,1.67,7.71,6.46,7.32,5.54,4.8,6.24,5.64,7.75,16,9.25,5.93,10.9,5.75,7.99,5.49,3.39,7.45,7.87,7.18,6.48,6.05,5.68,3.69,5.07,4.32,3.07,3.72,4.91,4.05,2.09
Timor-Leste,,3.45,,,,,,0.61,,,,,,,0.0169,0.418,0.741,,0.0159,0.72,0.769,0.379,0.344,0.664,,,0.424,,0.0274,,0.132,1.21,0.163,0.511,0.272,0.023,0.0897,0.469,1.77,183,310,239,249,191,174,195,214,275,258,197,267,248,250,223,211,176,182,185,163,177,188,189,163
Tonga,0.151,0.294,1,0.696,0.812,6.59,7.82,16.5,19.4,7.12,16,8.27,13.4,15.1,33.1,34.8,43.2,67,89.4,233,154,176,176,175,149,130,143,209,174,229,272,171,221,284,293,320,292,255,198,189,160,200,173,213,193,311,212,259,234,328,618,823,728,757,754,645,783,828,923,1020,1540,1070,2810
Trinidad and Tobago,,0.0927,0.625,12.8,13.2,17.5,9.59,5.74,4.75,6.68,5.43,3.98,2.91,2.18,3.15,4.16,3.57,1.95,2.93,3.01,3.41,−2.7,4.16,5.12,4.41,6.11,16.3,28.8,5.1,4.13,13.6,−1.48,4.62,1.12,15.6,18.2,11.6,25.6,11.1,20.5,−1.18,−4.66,−7.08,−2.35,−1.13,−1.86,9.47,15.7,7.1,5.11,3.29,,,,,,,,,,,,
Tunisia,12.1,21.7,16,18.9,15.8,19.9,17.8,18.8,14.7,23.1,22,20.2,21,24.2,30.6,36.7,36.3,40.1,49.2,32.5,36.4,35.9,30,28.7,24.4,21.6,29,35.2,39.5,34.3,47.2,41.7,44.7,27.5,11.7,8.23,13.6,20.7,15.8,26.2,22.8,37.1,21.8,30,32.8,35.9,42.2,31.5,36.1,46.8,51.1,85,92.8,64.1,81.8,43.5,56.1,69.7,68.6,82.4,81.4,90.8,100
Turkey,4.85,6.47,7.67,7.25,5.14,5.86,6.12,5.81,5,4.81,4.8,5.43,6.05,2.11,1.25,1.42,3.01,2.17,4.02,13.1,21,15.7,13.7,7.35,4.85,3.55,6.57,7.17,5.23,2.64,23.3,28.2,6.14,7.59,3.3,5.14,3.97,0.108,0.441,0.193,5.02,2.01,4.08,2.47,4.21,5.76,8.13,11.4,15.8,18.8,14.3,44.3,41.4,37.4,44.7,27.4,45.5,39.3,14.7,8.48,6.5,12.6,9.42
Tuvalu,,,,,,,,,,,,,,,,8.17,459,356,410,571,667,711,813,541,692,414,523,3070,1640,799,575,561,892,444,732,802,1110,1080,549,419,422,870,1220,637,817,907,1420,1050,1530,1520,1310,3460,2330,2510,3120,4530,2240,2620,2550,3450,4140,3530,6360
Tanzania,1.05,3.85,4.48,2.88,4.1,3.37,2.91,3.29,3.21,2.93,3.78,4.45,4.22,6.67,10.4,18.2,15.9,19.5,23.5,31.5,35.2,35.3,33.3,27.9,25.1,21.2,28.4,37.2,40.7,35.6,44.5,40.1,48.6,33.3,32.7,28.7,28,29.9,30.9,29.8,31.1,36.2,34.9,46.5,46.6,38.1,46.8,55.9,44.9,52.7,66.1,53,59.6,70.3,52.6,49.7,43.1,46.5,42.7,35.9,37.3,41.7,41.1
Uganda,2.7,2.7,3.56,2.35,2.62,2.27,2.58,2.29,2.29,2.75,3.19,2.99,3.75,1.99,1.53,4.42,1.74,1.35,3.11,3.63,8.54,10,9.47,9.61,11.1,11.9,12.4,18.7,23.8,30.4,37.7,36.5,38.6,31.4,37.4,40.4,31.8,37.2,29.2,26.1,35.7,33.5,28.7,38.1,45,42.7,55.2,46,47.9,44.2,52.2,47.2,47.8,48,44.9,43.6,45.4,50.1,46.8,47.2,69.4,55.8,44.7
Ukraine,,,,,,,,,,,,,,,,,,,,,,,,,,,,,,,,,,,,,,,,,,,,,,8.49,10.3,8.95,13.2,14,14.1,16.8,16.7,17.1,30.5,31.7,33.4,26,27.1,24.9,52.3,50,700
Uruguay,7.51,0.859,1.37,3.32,0.841,1.12,1.72,2.03,8.91,7.01,4.63,3.3,7.88,5.56,1.79,1.7,2.33,4.75,1.78,2.36,2.92,3.26,2.12,1.86,1.92,2.56,9.17,5.3,11.1,9.98,14.8,13.4,20.9,36.1,23.6,21.6,11.4,11.6,8.5,7.87,6.6,5.01,4.94,5.26,7.46,5.58,7.48,11.2,9.95,15.3,13.8,5.48,5.2,10.9,27.3,6.88,5.4,12.3,,,,,
Uzbekistan,,,,,,,,,,,,,,,,,,,,,,,,,,,,,,,,,0.0703,0.363,1.26,3.65,3.76,5.89,6.55,6.38,7.47,5.96,7.22,7.47,9.34,6.41,5.6,5.61,6.06,5.14,6.98,4.99,8.75,9.93,10.7,14.7,16.3,20.1,32.7,35,43.5,33.9,45.6
St. Vincent and the Grenadines,,,,,,,,,,,,,,1.22,36.8,59.6,43.7,38.7,43.2,55.1,93.1,87,71.5,49.2,36.8,50.6,114,121,153,138,137,142,161,121,112,421,233,52.5,183,145,55.5,71.5,40.3,55.4,93.8,69.9,42.9,575,230,252,153,162,76.4,78.8,92,126,85.8,112,173,811,735,1230,152
Venezuela,0.098,1.03,9.13,4.85,−5.72,1.45,2.86,2.46,1.72,1.06,0.431,0.679,0.693,0.677,0.402,0.286,−1.12,−0.597,−1.05,0.706,1.28,1.1,1.15,1.08,1.02,0.946,1.16,1.25,1.41,3.34,4.06,1.54,1.67,1.98,1.27,2.02,1.59,0.32,1.7,1.82,3.19,1.8,2.26,3.18,1.77,1.82,2.1,2.64,2.14,2.08,1.84,1.68,1.72,1.26,1.43,1.2,1.41,2.84,5,8.98,11.7,9.67,9.65
British Virgin Islands,10.1,52.3,48.3,19.7,24.5,,49.9,1870,,,,,,,160,228,242,190,107,157,414,333,319,250,144,154,104,148,133,380,355,372,328,195,631,80.2,66.2,99.7,60.8,130,,,,,,,,,,,,,,,,,,,,,,,
Vietnam,5.9,5,5.13,6.43,6.77,8.46,13.6,11.8,11.3,11.4,10.5,10.9,13.2,10.7,15.5,8.33,4.89,6.05,8.3,7.39,5.15,5.03,4.51,2.65,2.64,2.56,3.16,2.06,2.61,1.94,2.76,3.4,8.3,3.59,12.6,10.8,12.4,11.5,14,16.3,19.3,16.1,13.5,19.3,20.6,20.9,20.6,19.4,20.7,25,31.7,37.7,46,45.1,46,34.1,30.9,25.3,17.1,11.2,11.9,5.32,0.491
Vanuatu,2.33,4.23,6.01,7.27,9,7.8,28.3,25.5,28.7,38.4,37.4,54,67.3,78.8,166,124,299,136,171,339,380,257,212,213,187,161,177,361,268,250,316,304,249,210,248,267,180,155,165,171,191,152,139,164,188,191,230,262,412,436,459,382,410,359,386,701,475,476,459,447,515,546,399
Samoa,,0.26,0.759,1.4,1.68,1.8,3.2,5.83,8.01,3.69,6.55,7.44,16.1,20.4,35.4,75.1,63.1,108,96.7,160,128,130,128,138,97.6,106,132,198,168,161,212,251,268,283,256,220,184,158,184,137,159,223,206,179,163,231,257,176,203,344,645,456,597,570,470,464,436,663,617,590,787,395,587
Yemen,2.66,2.63,3.13,3.65,3.86,5.09,6.07,3.85,0.927,0.692,2.39,4.39,6.85,8.29,23,30.9,57.3,51.7,44.5,39.1,60.2,51.6,59.9,41.1,50.8,37.6,29.1,39.5,23.7,28,32.4,20.5,16.9,20.2,10.6,10.3,14.6,19.9,21.4,24.2,15.9,18.4,10.4,11.4,12.1,13,12.2,6.37,13.1,13.6,24.9,17.3,25,35.5,38.5,57.1,71.7,97.7,234,107,70.5,105,95.2
South Africa,,,,,,,,,,,,,,,,,,,,,,,,,,,,,,,,,,6.25,6.66,8.67,8.03,10.9,11.2,11.6,10.4,9.02,10.6,13.2,12.9,13.8,14.5,15.7,21.8,20.8,19.8,26.4,19.8,23.7,19.4,25,20.6,17.6,15.7,16.2,19.9,16.9,16.5
Zambia,0.292,0.28,1.75,1.55,5.87,2.94,7.66,15.5,7.45,4.82,3.06,4.81,4.71,9.55,11.8,17.3,12,20.4,33.7,49.1,54.7,38.6,51.1,33.7,35.8,47.1,64.6,58.7,64.2,48.3,61,110,126,104,83.4,231,67.5,66,36.7,64,79.3,55.3,76.1,70.1,99.5,99.8,121,74.5,81.1,91,65.8,71.6,64.2,74.4,62.8,48.6,57.1,59.7,55.7,51.2,53.3,55.5,90.8
Zimbabwe,,0.00254,,2.59,1.06,0.834,0.0869,0.08,0.429,0.129,0.113,0.121,0.15,0.149,0.267,0.661,0.997,1.04,1.41,1.88,22.8,23.3,27.4,25.6,35.4,27.1,24.8,31.4,28.2,26.4,33,37.4,73.8,46,51.6,44.8,33.3,29.6,22.5,20.8,14.8,13.4,16.5,15.3,15.1,29.9,22,37.3,47.3,56,53.3,53.1,72.5,59.1,53.5,54.7,44.8,49,52.8,55.3,63.4,62.4,48.7
